,article_id,product_code,prod_name,product_type_no,product_type_name,product_group_name,graphical_appearance_no,graphical_appearance_name,colour_group_code,colour_group_name,perceived_colour_value_id,perceived_colour_value_name,perceived_colour_master_id,perceived_colour_master_name,department_no,department_name,index_code,index_name,index_group_no,index_group_name,section_no,section_name,garment_group_no,garment_group_name,detail_desc,label,path
0,189955076,189955,Nora tee,255,T-shirt,Garment Upper body,1010010,Melange,71,Light Blue,1,Dusty Light,2,Blue,1676,Jersey Basic,A,Ladieswear,1,Ladieswear,16,Womens Everyday Basics,1002,Jersey Basic,"Top in soft slub jersey with a fake front pocket, short sleeves with sewn-in turn-ups, and a rounded hem.",shirt,shirt/0189955076.jpg
1,194902033,194902,BERTIL Basic 2-pack S/S SB,255,T-shirt,Garment Upper body,1010016,Solid,9,Black,4,Dark,5,Black,7668,Kids Boy Jersey Basic,H,Children Sizes 92-140,4,Baby/Children,72,Boys Underwear & Basics,1002,Jersey Basic,T-shirts in soft organic cotton jersey.,shirt,shirt/0194902033.jpg
2,203027045,203027,Linni tee (1),255,T-shirt,Garment Upper body,1010016,Solid,11,Off White,1,Dusty Light,9,White,1643,Basic 1,D,Divided,2,Divided,51,Divided Basics,1002,Jersey Basic,Short-sleeved top in jersey with sewn-in turn-ups on the sleeves.,shirt,shirt/0203027045.jpg
3,203027047,203027,Linni tee (1),255,T-shirt,Garment Upper body,1010017,Stripe,10,White,3,Light,9,White,1643,Basic 1,D,Divided,2,Divided,51,Divided Basics,1002,Jersey Basic,Short-sleeved top in jersey with sewn-in turn-ups on the sleeves.,shirt,shirt/0203027047.jpg
4,203027048,203027,Linni tee (1),255,T-shirt,Garment Upper body,1010010,Melange,22,Yellow,7,Medium,8,Yellow,1643,Basic 1,D,Divided,2,Divided,51,Divided Basics,1002,Jersey Basic,Short-sleeved top in jersey with sewn-in turn-ups on the sleeves.,shirt,shirt/0203027048.jpg
5,215248002,215248,Bob v-neck tee,255,T-shirt,Garment Upper body,1010016,Solid,9,Black,4,Dark,5,Black,1676,Jersey Basic,A,Ladieswear,1,Ladieswear,16,Womens Everyday Basics,1002,Jersey Basic,Fitted top in soft stretch jersey with a V-neck and short sleeves.,shirt,shirt/0215248002.jpg
6,215337001,215337,Pamela tee,255,T-shirt,Garment Upper body,1010016,Solid,10,White,3,Light,9,White,1643,Basic 1,D,Divided,2,Divided,51,Divided Basics,1002,Jersey Basic,Short-sleeved jersey top with a chest pocket.,shirt,shirt/0215337001.jpg
7,215337003,215337,Pamela tee,255,T-shirt,Garment Upper body,1010016,Solid,9,Black,4,Dark,5,Black,1643,Basic 1,D,Divided,2,Divided,51,Divided Basics,1002,Jersey Basic,Short-sleeved jersey top with a chest pocket.,shirt,shirt/0215337003.jpg
8,215337038,215337,Pamela tee,255,T-shirt,Garment Upper body,1010010,Melange,63,Dark Purple,4,Dark,6,Lilac Purple,1643,Basic 1,D,Divided,2,Divided,51,Divided Basics,1002,Jersey Basic,Short-sleeved jersey top with a chest pocket.,shirt,shirt/0215337038.jpg
9,215337039,215337,Pamela tee,255,T-shirt,Garment Upper body,1010010,Melange,19,Greenish Khaki,4,Dark,20,Khaki green,1643,Basic 1,D,Divided,2,Divided,51,Divided Basics,1002,Jersey Basic,Short-sleeved jersey top with a chest pocket.,shirt,shirt/0215337039.jpg
10,215337059,215337,Pamela tee,255,T-shirt,Garment Upper body,1010010,Melange,7,Grey,1,Dusty Light,12,Grey,1643,Basic 1,D,Divided,2,Divided,51,Divided Basics,1002,Jersey Basic,Short-sleeved jersey top with a chest pocket.,shirt,shirt/0215337059.jpg
11,215337066,215337,Pamela tee,255,T-shirt,Garment Upper body,1010016,Solid,72,Blue,3,Light,2,Blue,1643,Basic 1,D,Divided,2,Divided,51,Divided Basics,1002,Jersey Basic,Short-sleeved jersey top with a chest pocket.,shirt,shirt/0215337066.jpg
12,215337067,215337,Pamela tee,255,T-shirt,Garment Upper body,1010016,Solid,52,Pink,2,Medium Dusty,4,Pink,1643,Basic 1,D,Divided,2,Divided,51,Divided Basics,1002,Jersey Basic,Short-sleeved jersey top with a chest pocket.,shirt,shirt/0215337067.jpg
13,225784001,225784,HARLEY 2-pack basic tee,255,T-shirt,Garment Upper body,1010016,Solid,9,Black,4,Dark,5,Black,7930,Young Girl Jersey Basic,I,Children Sizes 134-170,4,Baby/Children,79,Girls Underwear & Basics,1002,Jersey Basic,Short-sleeved tops in cotton jersey.,shirt,shirt/0225784001.jpg
14,225784023,225784,HARLEY 2-pack basic tee,255,T-shirt,Garment Upper body,1010017,Stripe,52,Pink,5,Bright,4,Pink,7930,Young Girl Jersey Basic,I,Children Sizes 134-170,4,Baby/Children,79,Girls Underwear & Basics,1002,Jersey Basic,Short-sleeved tops in cotton jersey.,shirt,shirt/0225784023.jpg
15,225784037,225784,HARLEY 2-pack basic tee,255,T-shirt,Garment Upper body,1010012,Mixed solid/pattern,73,Dark Blue,4,Dark,2,Blue,7930,Young Girl Jersey Basic,I,Children Sizes 134-170,4,Baby/Children,79,Girls Underwear & Basics,1002,Jersey Basic,Short-sleeved tops in cotton jersey.,shirt,shirt/0225784037.jpg
16,225784039,225784,HARLEY 2-pack basic tee,255,T-shirt,Garment Upper body,1010016,Solid,30,Other Orange,5,Bright,3,Orange,7930,Young Girl Jersey Basic,I,Children Sizes 134-170,4,Baby/Children,79,Girls Underwear & Basics,1002,Jersey Basic,Short-sleeved tops in cotton jersey.,shirt,shirt/0225784039.jpg
17,225784040,225784,HARLEY 2-pack basic tee,255,T-shirt,Garment Upper body,1010001,All over pattern,7,Grey,1,Dusty Light,12,Grey,7930,Young Girl Jersey Basic,I,Children Sizes 134-170,4,Baby/Children,79,Girls Underwear & Basics,1002,Jersey Basic,Short-sleeved tops in cotton jersey.,shirt,shirt/0225784040.jpg
18,225784043,225784,HARLEY 2-pack basic tee,255,T-shirt,Garment Upper body,1010017,Stripe,10,White,3,Light,9,White,7930,Young Girl Jersey Basic,I,Children Sizes 134-170,4,Baby/Children,79,Girls Underwear & Basics,1002,Jersey Basic,Short-sleeved tops in cotton jersey.,shirt,shirt/0225784043.jpg
19,225784044,225784,HARLEY 2-pack basic tee,255,T-shirt,Garment Upper body,1010010,Melange,51,Light Pink,3,Light,4,Pink,7930,Young Girl Jersey Basic,I,Children Sizes 134-170,4,Baby/Children,79,Girls Underwear & Basics,1002,Jersey Basic,Short-sleeved tops in cotton jersey.,shirt,shirt/0225784044.jpg
20,225784045,225784,HARLEY 2-pack basic tee,255,T-shirt,Garment Upper body,1010001,All over pattern,10,White,3,Light,9,White,7930,Young Girl Jersey Basic,I,Children Sizes 134-170,4,Baby/Children,79,Girls Underwear & Basics,1002,Jersey Basic,Short-sleeved tops in cotton jersey.,shirt,shirt/0225784045.jpg
21,240670058,240670,Tess tee (1),255,T-shirt,Garment Upper body,1010010,Melange,73,Dark Blue,4,Dark,2,Blue,1643,Basic 1,D,Divided,2,Divided,51,Divided Basics,1002,Jersey Basic,Long T-shirt in jersey with sewn-in turn-ups on the sleeves.,shirt,shirt/0240670058.jpg
22,240670060,240670,Tess tee (1),255,T-shirt,Garment Upper body,1010010,Melange,31,Light Orange,1,Dusty Light,3,Orange,1643,Basic 1,D,Divided,2,Divided,51,Divided Basics,1002,Jersey Basic,Long T-shirt in jersey with sewn-in turn-ups on the sleeves.,shirt,shirt/0240670060.jpg
23,256096022,256096,Basic SS henley t-shirt,255,T-shirt,Garment Upper body,1010001,All over pattern,73,Dark Blue,4,Dark,2,Blue,6515,Baby basics,G,Baby Sizes 50-98,4,Baby/Children,44,Baby Essentials & Complements,1002,Jersey Basic,Short-sleeved Henley shirt in organic cotton jersey with press-studs at the top.,shirt,shirt/0256096022.jpg
24,256096023,256096,Basic SS henley t-shirt,255,T-shirt,Garment Upper body,1010017,Stripe,22,Yellow,7,Medium,8,Yellow,6515,Baby basics,G,Baby Sizes 50-98,4,Baby/Children,44,Baby Essentials & Complements,1002,Jersey Basic,Short-sleeved Henley shirt in organic cotton jersey with press-studs at the top.,shirt,shirt/0256096023.jpg
25,257667055,257667,Lizzie,255,T-shirt,Garment Upper body,1010010,Melange,31,Light Orange,1,Dusty Light,3,Orange,1676,Jersey Basic,A,Ladieswear,1,Ladieswear,16,Womens Everyday Basics,1002,Jersey Basic,Short-sleeved V-neck top in softly draping airy jersey with a slight sheen.,shirt,shirt/0257667055.jpg
26,257667061,257667,Lizzie,255,T-shirt,Garment Upper body,1010016,Solid,73,Dark Blue,4,Dark,2,Blue,1676,Jersey Basic,A,Ladieswear,1,Ladieswear,16,Womens Everyday Basics,1002,Jersey Basic,Short-sleeved V-neck top in softly draping airy jersey with a slight sheen.,shirt,shirt/0257667061.jpg
27,260736025,260736,NATE  basic S/S solid tee BB,255,T-shirt,Garment Upper body,1010016,Solid,71,Light Blue,3,Light,2,Blue,8768,Young Boy Jersey Basic,I,Children Sizes 134-170,4,Baby/Children,72,Boys Underwear & Basics,1002,Jersey Basic,T-shirt in soft organic cotton jersey.,shirt,shirt/0260736025.jpg
28,260736026,260736,NATE  basic S/S solid tee BB,255,T-shirt,Garment Upper body,1010016,Solid,10,White,3,Light,9,White,8768,Young Boy Jersey Basic,I,Children Sizes 134-170,4,Baby/Children,72,Boys Underwear & Basics,1002,Jersey Basic,T-shirt in soft organic cotton jersey.,shirt,shirt/0260736026.jpg
29,260736028,260736,NATE  basic S/S solid tee BB,255,T-shirt,Garment Upper body,1010016,Solid,93,Dark Green,2,Medium Dusty,19,Green,8768,Young Boy Jersey Basic,I,Children Sizes 134-170,4,Baby/Children,72,Boys Underwear & Basics,1002,Jersey Basic,T-shirt in soft organic cotton jersey.,shirt,shirt/0260736028.jpg
30,260736029,260736,NATE  basic S/S solid tee BB,255,T-shirt,Garment Upper body,1010016,Solid,73,Dark Blue,7,Medium,2,Blue,8768,Young Boy Jersey Basic,I,Children Sizes 134-170,4,Baby/Children,72,Boys Underwear & Basics,1002,Jersey Basic,T-shirt in soft organic cotton jersey.,shirt,shirt/0260736029.jpg
31,260736030,260736,NATE  basic S/S solid tee BB,255,T-shirt,Garment Upper body,1010016,Solid,92,Green,5,Bright,19,Green,8768,Young Boy Jersey Basic,I,Children Sizes 134-170,4,Baby/Children,72,Boys Underwear & Basics,1002,Jersey Basic,T-shirt in soft organic cotton jersey.,shirt,shirt/0260736030.jpg
32,260736032,260736,NATE  basic S/S solid tee BB,255,T-shirt,Garment Upper body,1010016,Solid,63,Dark Purple,5,Bright,6,Lilac Purple,8768,Young Boy Jersey Basic,I,Children Sizes 134-170,4,Baby/Children,72,Boys Underwear & Basics,1002,Jersey Basic,T-shirt in soft organic cotton jersey.,shirt,shirt/0260736032.jpg
33,260736033,260736,NATE  basic S/S solid tee BB,255,T-shirt,Garment Upper body,1010016,Solid,51,Light Pink,3,Light,4,Pink,8768,Young Boy Jersey Basic,I,Children Sizes 134-170,4,Baby/Children,72,Boys Underwear & Basics,1002,Jersey Basic,T-shirt in soft organic cotton jersey.,shirt,shirt/0260736033.jpg
34,265069012,265069,PELLE Basic S/S jersey polo SB,255,T-shirt,Garment Upper body,1010016,Solid,10,White,3,Light,9,White,7668,Kids Boy Jersey Basic,H,Children Sizes 92-140,4,Baby/Children,72,Boys Underwear & Basics,1002,Jersey Basic,Polo shirt in organic cotton jersey with a ribbed collar and button placket.,shirt,shirt/0265069012.jpg
35,265069014,265069,PELLE Basic S/S jersey polo SB,255,T-shirt,Garment Upper body,1010016,Solid,73,Dark Blue,4,Dark,2,Blue,7668,Kids Boy Jersey Basic,H,Children Sizes 92-140,4,Baby/Children,72,Boys Underwear & Basics,1002,Jersey Basic,Polo shirt in organic cotton jersey with a ribbed collar and button placket.,shirt,shirt/0265069014.jpg
36,265069020,265069,PELLE Basic S/S jersey polo SB,255,T-shirt,Garment Upper body,1010016,Solid,92,Green,5,Bright,19,Green,7668,Kids Boy Jersey Basic,H,Children Sizes 92-140,4,Baby/Children,72,Boys Underwear & Basics,1002,Jersey Basic,Polo shirt in organic cotton jersey with a ribbed collar and button placket.,shirt,shirt/0265069020.jpg
37,265069021,265069,PELLE Basic S/S jersey polo SB,255,T-shirt,Garment Upper body,1010016,Solid,32,Orange,7,Medium,3,Orange,7668,Kids Boy Jersey Basic,H,Children Sizes 92-140,4,Baby/Children,72,Boys Underwear & Basics,1002,Jersey Basic,Polo shirt in organic cotton jersey with a ribbed collar and button placket.,shirt,shirt/0265069021.jpg
38,265069024,265069,PELLE Basic S/S jersey polo SB,255,T-shirt,Garment Upper body,1010016,Solid,71,Light Blue,3,Light,2,Blue,7668,Kids Boy Jersey Basic,H,Children Sizes 92-140,4,Baby/Children,72,Boys Underwear & Basics,1002,Jersey Basic,Polo shirt in organic cotton jersey with a ribbed collar and button placket.,shirt,shirt/0265069024.jpg
39,265069025,265069,PELLE Basic S/S jersey polo SB,255,T-shirt,Garment Upper body,1010016,Solid,21,Light Yellow,3,Light,8,Yellow,7668,Kids Boy Jersey Basic,H,Children Sizes 92-140,4,Baby/Children,72,Boys Underwear & Basics,1002,Jersey Basic,Polo shirt in organic cotton jersey with a ribbed collar and button placket.,shirt,shirt/0265069025.jpg
40,265069026,265069,PELLE Basic S/S jersey polo SB,255,T-shirt,Garment Upper body,1010016,Solid,81,Light Turquoise,3,Light,7,Turquoise,7668,Kids Boy Jersey Basic,H,Children Sizes 92-140,4,Baby/Children,72,Boys Underwear & Basics,1002,Jersey Basic,Polo shirt in organic cotton jersey with a ribbed collar and button placket.,shirt,shirt/0265069026.jpg
41,265071012,265071,KRISTOFF Basic jersey polo BB,255,T-shirt,Garment Upper body,1010016,Solid,10,White,3,Light,9,White,8768,Young Boy Jersey Basic,I,Children Sizes 134-170,4,Baby/Children,72,Boys Underwear & Basics,1002,Jersey Basic,Short-sleeved polo shirt in organic cotton jersey with a ribbed collar and button placket.,shirt,shirt/0265071012.jpg
42,265071013,265071,KRISTOFF Basic jersey polo BB,255,T-shirt,Garment Upper body,1010016,Solid,73,Dark Blue,4,Dark,2,Blue,8768,Young Boy Jersey Basic,I,Children Sizes 134-170,4,Baby/Children,72,Boys Underwear & Basics,1002,Jersey Basic,Short-sleeved polo shirt in organic cotton jersey with a ribbed collar and button placket.,shirt,shirt/0265071013.jpg
43,265071020,265071,KRISTOFF Basic jersey polo BB,255,T-shirt,Garment Upper body,1010016,Solid,71,Light Blue,3,Light,2,Blue,8768,Young Boy Jersey Basic,I,Children Sizes 134-170,4,Baby/Children,72,Boys Underwear & Basics,1002,Jersey Basic,Short-sleeved polo shirt in organic cotton jersey with a ribbed collar and button placket.,shirt,shirt/0265071020.jpg
44,265071021,265071,KRISTOFF Basic jersey polo BB,255,T-shirt,Garment Upper body,1010016,Solid,32,Orange,7,Medium,3,Orange,8768,Young Boy Jersey Basic,I,Children Sizes 134-170,4,Baby/Children,72,Boys Underwear & Basics,1002,Jersey Basic,Short-sleeved polo shirt in organic cotton jersey with a ribbed collar and button placket.,shirt,shirt/0265071021.jpg
45,265071022,265071,KRISTOFF Basic jersey polo BB,255,T-shirt,Garment Upper body,1010016,Solid,21,Light Yellow,3,Light,8,Yellow,8768,Young Boy Jersey Basic,I,Children Sizes 134-170,4,Baby/Children,72,Boys Underwear & Basics,1002,Jersey Basic,Short-sleeved polo shirt in organic cotton jersey with a ribbed collar and button placket.,shirt,shirt/0265071022.jpg
46,265071025,265071,KRISTOFF Basic jersey polo BB,255,T-shirt,Garment Upper body,1010016,Solid,92,Green,5,Bright,19,Green,8768,Young Boy Jersey Basic,I,Children Sizes 134-170,4,Baby/Children,72,Boys Underwear & Basics,1002,Jersey Basic,Short-sleeved polo shirt in organic cotton jersey with a ribbed collar and button placket.,shirt,shirt/0265071025.jpg
47,265071027,265071,KRISTOFF Basic jersey polo BB,255,T-shirt,Garment Upper body,1010016,Solid,71,Light Blue,3,Light,2,Blue,8768,Young Boy Jersey Basic,I,Children Sizes 134-170,4,Baby/Children,72,Boys Underwear & Basics,1002,Jersey Basic,Short-sleeved polo shirt in organic cotton jersey with a ribbed collar and button placket.,shirt,shirt/0265071027.jpg
48,265071028,265071,KRISTOFF Basic jersey polo BB,255,T-shirt,Garment Upper body,1010016,Solid,91,Light Green,3,Light,19,Green,8768,Young Boy Jersey Basic,I,Children Sizes 134-170,4,Baby/Children,72,Boys Underwear & Basics,1002,Jersey Basic,Short-sleeved polo shirt in organic cotton jersey with a ribbed collar and button placket.,shirt,shirt/0265071028.jpg
49,265071030,265071,KRISTOFF Basic jersey polo BB,255,T-shirt,Garment Upper body,1010016,Solid,42,Red,7,Medium,18,Red,8768,Young Boy Jersey Basic,I,Children Sizes 134-170,4,Baby/Children,72,Boys Underwear & Basics,1002,Jersey Basic,Short-sleeved polo shirt in organic cotton jersey with a ribbed collar and button placket.,shirt,shirt/0265071030.jpg
50,265071034,265071,KRISTOFF Basic jersey polo BB,255,T-shirt,Garment Upper body,1010016,Solid,81,Light Turquoise,3,Light,7,Turquoise,8768,Young Boy Jersey Basic,I,Children Sizes 134-170,4,Baby/Children,72,Boys Underwear & Basics,1002,Jersey Basic,Short-sleeved polo shirt in organic cotton jersey with a ribbed collar and button placket.,shirt,shirt/0265071034.jpg
51,294008009,294008,Cora T-shirt,255,T-shirt,Garment Upper body,1010016,Solid,9,Black,4,Dark,5,Black,1919,Jersey,A,Ladieswear,1,Ladieswear,2,H&M+,1005,Jersey Fancy,Gently flared top in soft viscose jersey with short sleeves and a rounded hem.,shirt,shirt/0294008009.jpg
52,294008036,294008,Cora T-shirt,255,T-shirt,Garment Upper body,1010016,Solid,32,Orange,2,Medium Dusty,3,Orange,1919,Jersey,A,Ladieswear,1,Ladieswear,2,H&M+,1005,Jersey Fancy,Gently flared top in soft viscose jersey with short sleeves and a rounded hem.,shirt,shirt/0294008036.jpg
53,294008040,294008,Cora T-shirt,255,T-shirt,Garment Upper body,1010017,Stripe,10,White,1,Dusty Light,9,White,1919,Jersey,A,Ladieswear,1,Ladieswear,2,H&M+,1005,Jersey Fancy,Gently flared top in soft viscose jersey with short sleeves and a rounded hem.,shirt,shirt/0294008040.jpg
54,294008042,294008,Cora T-shirt,255,T-shirt,Garment Upper body,1010016,Solid,22,Yellow,2,Medium Dusty,8,Yellow,1919,Jersey,A,Ladieswear,1,Ladieswear,2,H&M+,1005,Jersey Fancy,Gently flared top in soft viscose jersey with short sleeves and a rounded hem.,shirt,shirt/0294008042.jpg
55,294008044,294008,Cora T-shirt,255,T-shirt,Garment Upper body,1010016,Solid,53,Dark Pink,5,Bright,4,Pink,1919,Jersey,A,Ladieswear,1,Ladieswear,2,H&M+,1005,Jersey Fancy,Gently flared top in soft viscose jersey with short sleeves and a rounded hem.,shirt,shirt/0294008044.jpg
56,294008047,294008,HM+ Cora tee,255,T-shirt,Garment Upper body,1010017,Stripe,10,White,3,Light,9,White,1919,Jersey,A,Ladieswear,1,Ladieswear,2,H&M+,1005,Jersey Fancy,Gently flared top in soft viscose jersey with short sleeves and a rounded hem.,shirt,shirt/0294008047.jpg
57,294008050,294008,Cora T-shirt,255,T-shirt,Garment Upper body,1010006,Dot,10,White,3,Light,9,White,1919,Jersey,A,Ladieswear,1,Ladieswear,2,H&M+,1005,Jersey Fancy,Gently flared top in soft viscose jersey with short sleeves and a rounded hem.,shirt,shirt/0294008050.jpg
58,294008056,294008,HM+ Cora tee,255,T-shirt,Garment Upper body,1010016,Solid,19,Greenish Khaki,2,Medium Dusty,20,Khaki green,1919,Jersey,A,Ladieswear,1,Ladieswear,2,H&M+,1005,Jersey Fancy,Gently flared top in soft viscose jersey with short sleeves and a rounded hem.,shirt,shirt/0294008056.jpg
59,304576027,304576,FORTUNA T-SHIRT,255,T-shirt,Garment Upper body,1010020,Contrast,7,Grey,1,Dusty Light,12,Grey,5828,Jersey Fancy,F,Menswear,3,Menswear,20,Contemporary Smart,1005,Jersey Fancy,Jersey T-shirt,shirt,shirt/0304576027.jpg
60,306307002,306307,Lima ss,255,T-shirt,Garment Upper body,1010016,Solid,10,White,3,Light,9,White,1643,Basic 1,D,Divided,2,Divided,51,Divided Basics,1002,Jersey Basic,Fitted top in jersey with short sleeves.,shirt,shirt/0306307002.jpg
61,306307005,306307,Lima ss,255,T-shirt,Garment Upper body,1010010,Melange,53,Dark Pink,4,Dark,4,Pink,1643,Basic 1,D,Divided,2,Divided,51,Divided Basics,1002,Jersey Basic,Fitted top in jersey with short sleeves.,shirt,shirt/0306307005.jpg
62,306307019,306307,Lima ss,255,T-shirt,Garment Upper body,1010010,Melange,51,Light Pink,1,Dusty Light,4,Pink,1643,Basic 1,D,Divided,2,Divided,51,Divided Basics,1002,Jersey Basic,Fitted top in jersey with short sleeves.,shirt,shirt/0306307019.jpg
63,306307020,306307,Lima ss,255,T-shirt,Garment Upper body,1010017,Stripe,9,Black,4,Dark,5,Black,1643,Basic 1,D,Divided,2,Divided,51,Divided Basics,1002,Jersey Basic,Fitted top in jersey with short sleeves.,shirt,shirt/0306307020.jpg
64,306307043,306307,Lima ss,255,T-shirt,Garment Upper body,1010010,Melange,31,Light Orange,1,Dusty Light,3,Orange,1643,Basic 1,D,Divided,2,Divided,51,Divided Basics,1002,Jersey Basic,Fitted top in jersey with short sleeves.,shirt,shirt/0306307043.jpg
65,306307076,306307,Lima ss,255,T-shirt,Garment Upper body,1010017,Stripe,10,White,3,Light,9,White,1643,Basic 1,D,Divided,2,Divided,51,Divided Basics,1002,Jersey Basic,Fitted top in jersey with short sleeves.,shirt,shirt/0306307076.jpg
66,316085001,316085,Peggy polo,257,Polo shirt,Garment Upper body,1010016,Solid,9,Black,4,Dark,5,Black,1643,Basic 1,D,Divided,2,Divided,51,Divided Basics,1002,Jersey Basic,Fitted polo-neck top in ribbed jersey with long sleeves.,shirt,shirt/0316085001.jpg
67,316085002,316085,Peggy polo,257,Polo shirt,Garment Upper body,1010010,Melange,7,Grey,1,Dusty Light,12,Grey,1643,Basic 1,D,Divided,2,Divided,51,Divided Basics,1002,Jersey Basic,Fitted polo-neck top in ribbed jersey with long sleeves.,shirt,shirt/0316085002.jpg
68,316085013,316085,Peggy polo,257,Polo shirt,Garment Upper body,1010017,Stripe,23,Dark Yellow,4,Dark,8,Yellow,1643,Basic 1,D,Divided,2,Divided,51,Divided Basics,1002,Jersey Basic,Fitted polo-neck top in ribbed jersey with long sleeves.,shirt,shirt/0316085013.jpg
69,318951002,318951,Basic LS t-shirt,255,T-shirt,Garment Upper body,1010016,Solid,10,White,3,Light,9,White,6515,Baby basics,G,Baby Sizes 50-98,4,Baby/Children,44,Baby Essentials & Complements,1002,Jersey Basic,"Long-sleeved top in soft, organic cotton jersey with a chest pocket and a press-stud on one shoulder (sizes 1-4Y without a press-stud).",shirt,shirt/0318951002.jpg
70,318951018,318951,Basic LS t-shirt,255,T-shirt,Garment Upper body,1010016,Solid,7,Grey,1,Dusty Light,12,Grey,6515,Baby basics,G,Baby Sizes 50-98,4,Baby/Children,44,Baby Essentials & Complements,1002,Jersey Basic,"Long-sleeved top in soft, organic cotton jersey with a chest pocket and a press-stud on one shoulder (sizes 1-4Y without a press-stud).",shirt,shirt/0318951018.jpg
71,318951019,318951,Basic LS t-shirt,255,T-shirt,Garment Upper body,1010017,Stripe,8,Dark Grey,4,Dark,12,Grey,6515,Baby basics,G,Baby Sizes 50-98,4,Baby/Children,44,Baby Essentials & Complements,1002,Jersey Basic,"Long-sleeved top in soft, organic cotton jersey with a chest pocket and a press-stud on one shoulder (sizes 1-4Y without a press-stud).",shirt,shirt/0318951019.jpg
72,318951020,318951,Basic LS t-shirt,255,T-shirt,Garment Upper body,1010017,Stripe,6,Light Grey,2,Medium Dusty,12,Grey,6515,Baby basics,G,Baby Sizes 50-98,4,Baby/Children,44,Baby Essentials & Complements,1002,Jersey Basic,"Long-sleeved top in soft, organic cotton jersey with a chest pocket and a press-stud on one shoulder (sizes 1-4Y without a press-stud).",shirt,shirt/0318951020.jpg
73,318951021,318951,Basic LS t-shirt,255,T-shirt,Garment Upper body,1010017,Stripe,82,Turquoise,1,Dusty Light,7,Turquoise,6515,Baby basics,G,Baby Sizes 50-98,4,Baby/Children,44,Baby Essentials & Complements,1002,Jersey Basic,"Long-sleeved top in soft, organic cotton jersey with a chest pocket and a press-stud on one shoulder (sizes 1-4Y without a press-stud).",shirt,shirt/0318951021.jpg
74,318951022,318951,Basic LS t-shirt,255,T-shirt,Garment Upper body,1010017,Stripe,73,Dark Blue,4,Dark,2,Blue,6515,Baby basics,G,Baby Sizes 50-98,4,Baby/Children,44,Baby Essentials & Complements,1002,Jersey Basic,"Long-sleeved top in soft, organic cotton jersey with a chest pocket and a press-stud on one shoulder (sizes 1-4Y without a press-stud).",shirt,shirt/0318951022.jpg
75,318951023,318951,Basic LS t-shirt,255,T-shirt,Garment Upper body,1010017,Stripe,73,Dark Blue,4,Dark,2,Blue,6515,Baby basics,G,Baby Sizes 50-98,4,Baby/Children,44,Baby Essentials & Complements,1002,Jersey Basic,"Long-sleeved top in soft, organic cotton jersey with a chest pocket and a press-stud on one shoulder (sizes 1-4Y without a press-stud).",shirt,shirt/0318951023.jpg
76,318951024,318951,Basic LS t-shirt,255,T-shirt,Garment Upper body,1010017,Stripe,81,Light Turquoise,1,Dusty Light,7,Turquoise,6515,Baby basics,G,Baby Sizes 50-98,4,Baby/Children,44,Baby Essentials & Complements,1002,Jersey Basic,"Long-sleeved top in soft, organic cotton jersey with a chest pocket and a press-stud on one shoulder (sizes 1-4Y without a press-stud).",shirt,shirt/0318951024.jpg
77,318951025,318951,Basic LS t-shirt,255,T-shirt,Garment Upper body,1010017,Stripe,8,Dark Grey,4,Dark,12,Grey,6515,Baby basics,G,Baby Sizes 50-98,4,Baby/Children,44,Baby Essentials & Complements,1002,Jersey Basic,"Long-sleeved top in soft, organic cotton jersey with a chest pocket and a press-stud on one shoulder (sizes 1-4Y without a press-stud).",shirt,shirt/0318951025.jpg
78,318951026,318951,Basic LS t-shirt,255,T-shirt,Garment Upper body,1010017,Stripe,73,Dark Blue,4,Dark,2,Blue,6515,Baby basics,G,Baby Sizes 50-98,4,Baby/Children,44,Baby Essentials & Complements,1002,Jersey Basic,"Long-sleeved top in soft, organic cotton jersey with a chest pocket and a press-stud on one shoulder (sizes 1-4Y without a press-stud).",shirt,shirt/0318951026.jpg
79,318951032,318951,Basic LS t-shirt,255,T-shirt,Garment Upper body,1010001,All over pattern,10,White,3,Light,9,White,6515,Baby basics,G,Baby Sizes 50-98,4,Baby/Children,44,Baby Essentials & Complements,1002,Jersey Basic,"Long-sleeved top in soft, organic cotton jersey with a chest pocket and a press-stud on one shoulder (sizes 1-4Y without a press-stud).",shirt,shirt/0318951032.jpg
80,334077001,334077,Emmons self warming top,255,T-shirt,Garment Upper body,1010016,Solid,9,Black,4,Dark,5,Black,8558,Men Sport Tops,S,Sport,26,Sport,22,Men H&M Sport,1007,Outdoor,"Long-sleeved base layer top in soft, fast-drying, breathable, functional fabric.",shirt,shirt/0334077001.jpg
81,335896020,335896,Salamander L/S,255,T-shirt,Garment Upper body,1010010,Melange,8,Dark Grey,4,Dark,12,Grey,8559,Men Sport Woven,S,Sport,26,Sport,22,Men H&M Sport,1005,Jersey Fancy,Jacquard-patterned sports top in fast-drying functional fabric with long sleeves. Tight fit. Seamless.,shirt,shirt/0335896020.jpg
82,341782018,341782,RILEY T-SHIRT,255,T-shirt,Garment Upper body,1010018,Treatment,9,Black,4,Dark,5,Black,5828,Jersey Fancy,F,Menswear,3,Menswear,20,Contemporary Smart,1005,Jersey Fancy,T-shirt in soft jersey with raw edges.,shirt,shirt/0341782018.jpg
83,341782022,341782,RILEY T-SHIRT,255,T-shirt,Garment Upper body,1010018,Treatment,73,Dark Blue,4,Dark,2,Blue,5828,Jersey Fancy,F,Menswear,3,Menswear,20,Contemporary Smart,1005,Jersey Fancy,T-shirt in soft jersey with raw edges.,shirt,shirt/0341782022.jpg
84,341782023,341782,RILEY T-SHIRT,255,T-shirt,Garment Upper body,1010018,Treatment,93,Dark Green,4,Dark,20,Khaki green,5828,Jersey Fancy,F,Menswear,3,Menswear,20,Contemporary Smart,1005,Jersey Fancy,T-shirt in soft jersey with raw edges.,shirt,shirt/0341782023.jpg
85,341782032,341782,RILEY T-SHIRT,255,T-shirt,Garment Upper body,1010018,Treatment,53,Dark Pink,4,Dark,18,Red,5828,Jersey Fancy,F,Menswear,3,Menswear,20,Contemporary Smart,1005,Jersey Fancy,T-shirt in soft jersey with raw edges.,shirt,shirt/0341782032.jpg
86,341782033,341782,RILEY T-SHIRT,255,T-shirt,Garment Upper body,1010018,Treatment,72,Blue,3,Light,2,Blue,5828,Jersey Fancy,F,Menswear,3,Menswear,20,Contemporary Smart,1005,Jersey Fancy,T-shirt in soft jersey with raw edges.,shirt,shirt/0341782033.jpg
87,341782034,341782,RILEY T-SHIRT,255,T-shirt,Garment Upper body,1010018,Treatment,31,Light Orange,1,Dusty Light,3,Orange,5828,Jersey Fancy,F,Menswear,3,Menswear,20,Contemporary Smart,1005,Jersey Fancy,T-shirt in soft jersey with raw edges.,shirt,shirt/0341782034.jpg
88,341782043,341782,RILEY T-SHIRT,255,T-shirt,Garment Upper body,1010018,Treatment,73,Dark Blue,4,Dark,2,Blue,5828,Jersey Fancy,F,Menswear,3,Menswear,20,Contemporary Smart,1005,Jersey Fancy,T-shirt in soft jersey with raw edges.,shirt,shirt/0341782043.jpg
89,341782044,341782,RILEY T-SHIRT,255,T-shirt,Garment Upper body,1010018,Treatment,14,Dark Beige,4,Dark,11,Beige,5828,Jersey Fancy,F,Menswear,3,Menswear,20,Contemporary Smart,1005,Jersey Fancy,T-shirt in soft jersey with raw edges.,shirt,shirt/0341782044.jpg
90,348870001,348870,Mary Kate L/S,255,T-shirt,Garment Upper body,1010016,Solid,9,Black,4,Dark,5,Black,1643,Basic 1,D,Divided,2,Divided,51,Divided Basics,1002,Jersey Basic,"Long-sleeved top in soft, airy slub jersey with a wide neckline and dropped shoulders. Slightly longer at the back.",shirt,shirt/0348870001.jpg
91,348870006,348870,Mary Kate L/S,255,T-shirt,Garment Upper body,1010010,Melange,19,Greenish Khaki,4,Dark,20,Khaki green,1643,Basic 1,D,Divided,2,Divided,51,Divided Basics,1002,Jersey Basic,"Long-sleeved top in soft, airy slub jersey with a wide neckline and dropped shoulders. Slightly longer at the back.",shirt,shirt/0348870006.jpg
92,348870008,348870,Mary Kate L/S,255,T-shirt,Garment Upper body,1010016,Solid,19,Greenish Khaki,4,Dark,20,Khaki green,1643,Basic 1,D,Divided,2,Divided,51,Divided Basics,1002,Jersey Basic,"Long-sleeved top in soft, airy slub jersey with a wide neckline and dropped shoulders. Slightly longer at the back.",shirt,shirt/0348870008.jpg
93,348870009,348870,Mary Kate L/S,255,T-shirt,Garment Upper body,1010016,Solid,19,Greenish Khaki,2,Medium Dusty,20,Khaki green,1643,Basic 1,D,Divided,2,Divided,51,Divided Basics,1002,Jersey Basic,"Long-sleeved top in soft, airy slub jersey with a wide neckline and dropped shoulders. Slightly longer at the back.",shirt,shirt/0348870009.jpg
94,348870011,348870,Mary Kate L/S,255,T-shirt,Garment Upper body,1010016,Solid,19,Greenish Khaki,2,Medium Dusty,20,Khaki green,1643,Basic 1,D,Divided,2,Divided,51,Divided Basics,1002,Jersey Basic,"Long-sleeved top in soft, airy slub jersey with a wide neckline and dropped shoulders. Slightly longer at the back.",shirt,shirt/0348870011.jpg
95,354246002,354246,Basic LS Raglan t-shirt,255,T-shirt,Garment Upper body,1010005,Colour blocking,71,Light Blue,3,Light,2,Blue,6515,Baby basics,G,Baby Sizes 50-98,4,Baby/Children,44,Baby Essentials & Complements,1002,Jersey Basic,T-shirt in organic cotton jersey with long raglan sleeves in a contrasting colour and press-studs at the back of the neck.,shirt,shirt/0354246002.jpg
96,354246011,354246,Basic LS Raglan t-shirt,255,T-shirt,Garment Upper body,1010005,Colour blocking,8,Dark Grey,4,Dark,12,Grey,6515,Baby basics,G,Baby Sizes 50-98,4,Baby/Children,44,Baby Essentials & Complements,1002,Jersey Basic,T-shirt in organic cotton jersey with long raglan sleeves in a contrasting colour and press-studs at the back of the neck.,shirt,shirt/0354246011.jpg
97,354246012,354246,Basic LS Raglan t-shirt,255,T-shirt,Garment Upper body,1010005,Colour blocking,51,Light Pink,1,Dusty Light,4,Pink,6515,Baby basics,G,Baby Sizes 50-98,4,Baby/Children,44,Baby Essentials & Complements,1002,Jersey Basic,T-shirt in organic cotton jersey with long raglan sleeves in a contrasting colour and press-studs at the back of the neck.,shirt,shirt/0354246012.jpg
98,354246014,354246,Basic LS Raglan t-shirt,255,T-shirt,Garment Upper body,1010016,Solid,22,Yellow,7,Medium,8,Yellow,6515,Baby basics,G,Baby Sizes 50-98,4,Baby/Children,44,Baby Essentials & Complements,1002,Jersey Basic,T-shirt in organic cotton jersey with long raglan sleeves in a contrasting colour and press-studs at the back of the neck.,shirt,shirt/0354246014.jpg
99,354246017,354246,Basic LS Raglan t-shirt,255,T-shirt,Garment Upper body,1010016,Solid,51,Light Pink,1,Dusty Light,4,Pink,6515,Baby basics,G,Baby Sizes 50-98,4,Baby/Children,44,Baby Essentials & Complements,1002,Jersey Basic,T-shirt in organic cotton jersey with long raglan sleeves in a contrasting colour and press-studs at the back of the neck.,shirt,shirt/0354246017.jpg
100,354246018,354246,Basic LS Raglan t-shirt,255,T-shirt,Garment Upper body,1010005,Colour blocking,73,Dark Blue,4,Dark,2,Blue,6515,Baby basics,G,Baby Sizes 50-98,4,Baby/Children,44,Baby Essentials & Complements,1002,Jersey Basic,T-shirt in organic cotton jersey with long raglan sleeves in a contrasting colour and press-studs at the back of the neck.,shirt,shirt/0354246018.jpg
101,354246019,354246,Basic LS Raglan t-shirt,255,T-shirt,Garment Upper body,1010005,Colour blocking,81,Light Turquoise,1,Dusty Light,7,Turquoise,6515,Baby basics,G,Baby Sizes 50-98,4,Baby/Children,44,Baby Essentials & Complements,1002,Jersey Basic,T-shirt in organic cotton jersey with long raglan sleeves in a contrasting colour and press-studs at the back of the neck.,shirt,shirt/0354246019.jpg
102,354246021,354246,Basic LS Raglan t-shirt,255,T-shirt,Garment Upper body,1010005,Colour blocking,73,Dark Blue,4,Dark,2,Blue,6515,Baby basics,G,Baby Sizes 50-98,4,Baby/Children,44,Baby Essentials & Complements,1002,Jersey Basic,T-shirt in organic cotton jersey with long raglan sleeves in a contrasting colour and press-studs at the back of the neck.,shirt,shirt/0354246021.jpg
103,357130011,357130,MIMMI,255,T-shirt,Garment Upper body,1010016,Solid,10,White,3,Light,9,White,7920,Kids Girl Jersey Basic,H,Children Sizes 92-140,4,Baby/Children,79,Girls Underwear & Basics,1002,Jersey Basic,Tops in organic cotton jersey with elastication and gathers at the neck and short puff sleeves.,shirt,shirt/0357130011.jpg
104,357130017,357130,MIMMI,255,T-shirt,Garment Upper body,1010016,Solid,51,Light Pink,3,Light,4,Pink,7920,Kids Girl Jersey Basic,H,Children Sizes 92-140,4,Baby/Children,79,Girls Underwear & Basics,1002,Jersey Basic,Tops in organic cotton jersey with elastication and gathers at the neck and short puff sleeves.,shirt,shirt/0357130017.jpg
105,366686001,366686,Tail tee,255,T-shirt,Garment Upper body,1010016,Solid,8,Dark Grey,4,Dark,12,Grey,5957,Jersey inactive from s1,F,Menswear,3,Menswear,55,Contemporary Street,1005,Jersey Fancy,"Long T-shirt in hard-washed slub cotton jersey with raw, roll edges and short sleeves with sewn-in turn-ups. Longer at the back.",shirt,shirt/0366686001.jpg
106,366686005,366686,Tail tee,255,T-shirt,Garment Upper body,1010016,Solid,10,White,3,Light,9,White,5957,Jersey inactive from s1,F,Menswear,3,Menswear,55,Contemporary Street,1005,Jersey Fancy,"Long T-shirt in hard-washed slub cotton jersey with raw, roll edges and short sleeves with sewn-in turn-ups. Longer at the back.",shirt,shirt/0366686005.jpg
107,366686011,366686,Tail tee,255,T-shirt,Garment Upper body,1010016,Solid,9,Black,4,Dark,5,Black,5957,Jersey inactive from s1,F,Menswear,3,Menswear,55,Contemporary Street,1005,Jersey Fancy,"Long T-shirt in hard-washed slub cotton jersey with raw, roll edges and short sleeves with sewn-in turn-ups. Longer at the back.",shirt,shirt/0366686011.jpg
108,366686017,366686,Tail tee (1),255,T-shirt,Garment Upper body,1010016,Solid,14,Dark Beige,2,Medium Dusty,13,Brown,5957,Jersey inactive from s1,F,Menswear,3,Menswear,55,Contemporary Street,1005,Jersey Fancy,"Long T-shirt in hard-washed slub cotton jersey with raw, roll edges and short sleeves with sewn-in turn-ups. Longer at the back.",shirt,shirt/0366686017.jpg
109,366686018,366686,Tail tee (1),255,T-shirt,Garment Upper body,1010016,Solid,19,Greenish Khaki,2,Medium Dusty,20,Khaki green,5957,Jersey inactive from s1,F,Menswear,3,Menswear,55,Contemporary Street,1005,Jersey Fancy,"Long T-shirt in hard-washed slub cotton jersey with raw, roll edges and short sleeves with sewn-in turn-ups. Longer at the back.",shirt,shirt/0366686018.jpg
110,366686020,366686,Tail tee (1),255,T-shirt,Garment Upper body,1010010,Melange,6,Light Grey,1,Dusty Light,12,Grey,5957,Jersey inactive from s1,F,Menswear,3,Menswear,55,Contemporary Street,1005,Jersey Fancy,"Long T-shirt in hard-washed slub cotton jersey with raw, roll edges and short sleeves with sewn-in turn-ups. Longer at the back.",shirt,shirt/0366686020.jpg
111,366686022,366686,Tail tee,255,T-shirt,Garment Upper body,1010018,Treatment,51,Light Pink,3,Light,4,Pink,5957,Jersey inactive from s1,F,Menswear,3,Menswear,55,Contemporary Street,1005,Jersey Fancy,"Long T-shirt in hard-washed slub cotton jersey with raw, roll edges and short sleeves with sewn-in turn-ups. Longer at the back.",shirt,shirt/0366686022.jpg
112,366686023,366686,Tail tee,255,T-shirt,Garment Upper body,1010018,Treatment,63,Dark Purple,2,Medium Dusty,6,Lilac Purple,5957,Jersey inactive from s1,F,Menswear,3,Menswear,55,Contemporary Street,1005,Jersey Fancy,"Long T-shirt in hard-washed slub cotton jersey with raw, roll edges and short sleeves with sewn-in turn-ups. Longer at the back.",shirt,shirt/0366686023.jpg
113,366686024,366686,Tail tee,255,T-shirt,Garment Upper body,1010018,Treatment,43,Dark Red,4,Dark,18,Red,5957,Jersey inactive from s1,F,Menswear,3,Menswear,55,Contemporary Street,1005,Jersey Fancy,"Long T-shirt in hard-washed slub cotton jersey with raw, roll edges and short sleeves with sewn-in turn-ups. Longer at the back.",shirt,shirt/0366686024.jpg
114,366686025,366686,Tail tee,255,T-shirt,Garment Upper body,1010018,Treatment,72,Blue,5,Bright,2,Blue,5957,Jersey inactive from s1,F,Menswear,3,Menswear,55,Contemporary Street,1005,Jersey Fancy,"Long T-shirt in hard-washed slub cotton jersey with raw, roll edges and short sleeves with sewn-in turn-ups. Longer at the back.",shirt,shirt/0366686025.jpg
115,366686026,366686,Tail tee,255,T-shirt,Garment Upper body,1010018,Treatment,93,Dark Green,2,Medium Dusty,19,Green,5957,Jersey inactive from s1,F,Menswear,3,Menswear,55,Contemporary Street,1005,Jersey Fancy,"Long T-shirt in hard-washed slub cotton jersey with raw, roll edges and short sleeves with sewn-in turn-ups. Longer at the back.",shirt,shirt/0366686026.jpg
116,378124004,378124,L/S Polo Gnocci TVP,257,Polo shirt,Garment Upper body,1010016,Solid,9,Black,4,Dark,5,Black,5831,Knitwear,F,Menswear,3,Menswear,23,Men Suits & Tailoring,1003,Knitwear,"Long-sleeved piqué top in fine-knit merino wool with a ribbed collar, button placket and ribbing at the cuffs and hem.",shirt,shirt/0378124004.jpg
117,378124007,378124,L/S Polo Gnocci TVP,257,Polo shirt,Garment Upper body,1010016,Solid,43,Dark Red,4,Dark,18,Red,5831,Knitwear,F,Menswear,3,Menswear,23,Men Suits & Tailoring,1003,Knitwear,"Long-sleeved piqué top in fine-knit merino wool with a ribbed collar, button placket and ribbing at the cuffs and hem.",shirt,shirt/0378124007.jpg
118,378124009,378124,L/S Polo Gnocci TVP,257,Polo shirt,Garment Upper body,1010016,Solid,73,Dark Blue,4,Dark,2,Blue,5831,Knitwear,F,Menswear,3,Menswear,23,Men Suits & Tailoring,1003,Knitwear,"Long-sleeved piqué top in fine-knit merino wool with a ribbed collar, button placket and ribbing at the cuffs and hem.",shirt,shirt/0378124009.jpg
119,378124012,378124,L/S Polo Gnocci,257,Polo shirt,Garment Upper body,1010017,Stripe,93,Dark Green,4,Dark,19,Green,5831,Knitwear,F,Menswear,3,Menswear,23,Men Suits & Tailoring,1003,Knitwear,"Long-sleeved piqué top in fine-knit merino wool with a ribbed collar, button placket and ribbing at the cuffs and hem.",shirt,shirt/0378124012.jpg
120,378124013,378124,L/S Polo Gnocci,257,Polo shirt,Garment Upper body,1010010,Melange,7,Grey,2,Medium Dusty,12,Grey,5831,Knitwear,F,Menswear,3,Menswear,23,Men Suits & Tailoring,1003,Knitwear,"Long-sleeved piqué top in fine-knit merino wool with a ribbed collar, button placket and ribbing at the cuffs and hem.",shirt,shirt/0378124013.jpg
121,378124014,378124,L/S Polo Gnocci,257,Polo shirt,Garment Upper body,1010016,Solid,12,Light Beige,1,Dusty Light,11,Beige,5831,Knitwear,F,Menswear,3,Menswear,23,Men Suits & Tailoring,1003,Knitwear,"Long-sleeved piqué top in fine-knit merino wool with a ribbed collar, button placket and ribbing at the cuffs and hem.",shirt,shirt/0378124014.jpg
122,379780019,379780,Rita Ringer Tee,255,T-shirt,Garment Upper body,1010005,Colour blocking,9,Black,4,Dark,5,Black,1643,Basic 1,D,Divided,2,Divided,51,Divided Basics,1002,Jersey Basic,Short T-shirt in soft jersey with a trim in a contrasting colour at the neckline and sleeves.,shirt,shirt/0379780019.jpg
123,379780024,379780,Rita Ringer Tee,255,T-shirt,Garment Upper body,1010005,Colour blocking,43,Dark Red,4,Dark,18,Red,1643,Basic 1,D,Divided,2,Divided,51,Divided Basics,1002,Jersey Basic,Short T-shirt in soft jersey with a trim in a contrasting colour at the neckline and sleeves.,shirt,shirt/0379780024.jpg
124,379780027,379780,Rita Ringer Tee,255,T-shirt,Garment Upper body,1010005,Colour blocking,31,Light Orange,1,Dusty Light,3,Orange,1643,Basic 1,D,Divided,2,Divided,51,Divided Basics,1002,Jersey Basic,Short T-shirt in soft jersey with a trim in a contrasting colour at the neckline and sleeves.,shirt,shirt/0379780027.jpg
125,379780038,379780,Rita Ringer Tee,255,T-shirt,Garment Upper body,1010017,Stripe,10,White,3,Light,9,White,1643,Basic 1,D,Divided,2,Divided,51,Divided Basics,1002,Jersey Basic,Short T-shirt in soft jersey with a trim in a contrasting colour at the neckline and sleeves.,shirt,shirt/0379780038.jpg
126,379780039,379780,Rita Ringer Tee,255,T-shirt,Garment Upper body,1010005,Colour blocking,73,Dark Blue,7,Medium,2,Blue,1643,Basic 1,D,Divided,2,Divided,51,Divided Basics,1002,Jersey Basic,Short T-shirt in soft jersey with a trim in a contrasting colour at the neckline and sleeves.,shirt,shirt/0379780039.jpg
127,379780040,379780,Rita Ringer Tee,255,T-shirt,Garment Upper body,1010005,Colour blocking,10,White,3,Light,9,White,1643,Basic 1,D,Divided,2,Divided,51,Divided Basics,1002,Jersey Basic,Short T-shirt in soft jersey with a trim in a contrasting colour at the neckline and sleeves.,shirt,shirt/0379780040.jpg
128,379780042,379780,Rita Ringer Tee,255,T-shirt,Garment Upper body,1010010,Melange,91,Light Green,1,Dusty Light,19,Green,1643,Basic 1,D,Divided,2,Divided,51,Divided Basics,1002,Jersey Basic,Short T-shirt in soft jersey with a trim in a contrasting colour at the neckline and sleeves.,shirt,shirt/0379780042.jpg
129,379780043,379780,Rita Ringer Tee,255,T-shirt,Garment Upper body,1010017,Stripe,9,Black,4,Dark,5,Black,1643,Basic 1,D,Divided,2,Divided,51,Divided Basics,1002,Jersey Basic,Short T-shirt in soft jersey with a trim in a contrasting colour at the neckline and sleeves.,shirt,shirt/0379780043.jpg
130,379780045,379780,Rita Ringer Tee,255,T-shirt,Garment Upper body,1010017,Stripe,10,White,3,Light,9,White,1643,Basic 1,D,Divided,2,Divided,51,Divided Basics,1002,Jersey Basic,Short T-shirt in soft jersey with a trim in a contrasting colour at the neckline and sleeves.,shirt,shirt/0379780045.jpg
131,379780048,379780,Rita Ringer Tee,255,T-shirt,Garment Upper body,1010017,Stripe,21,Light Yellow,3,Light,8,Yellow,1643,Basic 1,D,Divided,2,Divided,51,Divided Basics,1002,Jersey Basic,Short T-shirt in soft jersey with a trim in a contrasting colour at the neckline and sleeves.,shirt,shirt/0379780048.jpg
132,379780051,379780,Rita Ringer Tee,255,T-shirt,Garment Upper body,1010005,Colour blocking,22,Yellow,7,Medium,8,Yellow,1643,Basic 1,D,Divided,2,Divided,51,Divided Basics,1002,Jersey Basic,Short T-shirt in soft jersey with a trim in a contrasting colour at the neckline and sleeves.,shirt,shirt/0379780051.jpg
133,380609001,380609,Livia Top,255,T-shirt,Garment Upper body,1010019,Transparent,13,Beige,1,Dusty Light,1,Mole,5962,Jersey Fancy DS,D,Divided,2,Divided,58,Divided Selected,1005,Jersey Fancy,Short-sleeved top in airy jersey with a rounded hem. Longer at the back.,shirt,shirt/0380609001.jpg
134,380609008,380609,Livia Top,255,T-shirt,Garment Upper body,1010019,Transparent,9,Black,4,Dark,5,Black,5962,Jersey Fancy DS,D,Divided,2,Divided,58,Divided Selected,1005,Jersey Fancy,Short-sleeved top in airy jersey with a rounded hem. Longer at the back.,shirt,shirt/0380609008.jpg
135,380609010,380609,Livia Top,255,T-shirt,Garment Upper body,1010016,Solid,52,Pink,2,Medium Dusty,4,Pink,5962,Jersey Fancy DS,D,Divided,2,Divided,58,Divided Selected,1005,Jersey Fancy,Short-sleeved top in airy jersey with a rounded hem. Longer at the back.,shirt,shirt/0380609010.jpg
136,380609021,380609,Livia Top,255,T-shirt,Garment Upper body,1010016,Solid,19,Greenish Khaki,4,Dark,20,Khaki green,5962,Jersey Fancy DS,D,Divided,2,Divided,58,Divided Selected,1005,Jersey Fancy,Short-sleeved top in airy jersey with a rounded hem. Longer at the back.,shirt,shirt/0380609021.jpg
137,380609023,380609,Livia Top,255,T-shirt,Garment Upper body,1010018,Treatment,9,Black,4,Dark,5,Black,5962,Jersey Fancy DS,D,Divided,2,Divided,58,Divided Selected,1005,Jersey Fancy,Short-sleeved top in airy jersey with a rounded hem. Longer at the back.,shirt,shirt/0380609023.jpg
138,380609036,380609,Livia Top,255,T-shirt,Garment Upper body,1010016,Solid,19,Greenish Khaki,1,Dusty Light,20,Khaki green,5962,Jersey Fancy DS,D,Divided,2,Divided,58,Divided Selected,1005,Jersey Fancy,Short-sleeved top in airy jersey with a rounded hem. Longer at the back.,shirt,shirt/0380609036.jpg
139,380609037,380609,Livia Top,255,T-shirt,Garment Upper body,1010001,All over pattern,7,Grey,2,Medium Dusty,-1,Unknown,5962,Jersey Fancy DS,D,Divided,2,Divided,58,Divided Selected,1005,Jersey Fancy,Short-sleeved top in airy jersey with a rounded hem. Longer at the back.,shirt,shirt/0380609037.jpg
140,380609038,380609,Livia Top,255,T-shirt,Garment Upper body,1010016,Solid,53,Dark Pink,2,Medium Dusty,4,Pink,5962,Jersey Fancy DS,D,Divided,2,Divided,58,Divided Selected,1005,Jersey Fancy,Short-sleeved top in airy jersey with a rounded hem. Longer at the back.,shirt,shirt/0380609038.jpg
141,381187001,381187,Lottie Tee,255,T-shirt,Garment Upper body,1010016,Solid,9,Black,4,Dark,5,Black,5962,Jersey Fancy DS,D,Divided,2,Divided,58,Divided Selected,1005,Jersey Fancy,"Long T-shirt in soft jersey containing some linen with short sleeves, a roll edge around the neckline and slits in the sides. Slightly longer at the back.",shirt,shirt/0381187001.jpg
142,381187006,381187,Lottie Tee,255,T-shirt,Garment Upper body,1010016,Solid,13,Beige,1,Dusty Light,1,Mole,5962,Jersey Fancy DS,D,Divided,2,Divided,58,Divided Selected,1005,Jersey Fancy,"Long T-shirt in soft jersey containing some linen with short sleeves, a roll edge around the neckline and slits in the sides. Slightly longer at the back.",shirt,shirt/0381187006.jpg
143,386859006,386859,R-neck Allington,255,T-shirt,Garment Upper body,1010016,Solid,9,Black,4,Dark,5,Black,5831,Knitwear,F,Menswear,3,Menswear,23,Men Suits & Tailoring,1003,Knitwear,T-shirt in premium cotton jersey.,shirt,shirt/0386859006.jpg
144,386859007,386859,R-neck Allington,255,T-shirt,Garment Upper body,1010016,Solid,10,White,3,Light,9,White,5831,Knitwear,F,Menswear,3,Menswear,23,Men Suits & Tailoring,1003,Knitwear,T-shirt in premium cotton jersey.,shirt,shirt/0386859007.jpg
145,386859019,386859,T-Shirt Allington R-neck,255,T-shirt,Garment Upper body,1010016,Solid,73,Dark Blue,4,Dark,2,Blue,5831,Knitwear,F,Menswear,3,Menswear,23,Men Suits & Tailoring,1003,Knitwear,T-shirt in premium cotton jersey.,shirt,shirt/0386859019.jpg
146,386859026,386859,Allington R-neck,255,T-shirt,Garment Upper body,1010016,Solid,73,Dark Blue,4,Dark,2,Blue,5831,Knitwear,F,Menswear,3,Menswear,23,Men Suits & Tailoring,1003,Knitwear,T-shirt in premium cotton jersey.,shirt,shirt/0386859026.jpg
147,386859027,386859,R-neck Allington,255,T-shirt,Garment Upper body,1010010,Melange,8,Dark Grey,4,Dark,12,Grey,5831,Knitwear,F,Menswear,3,Menswear,23,Men Suits & Tailoring,1003,Knitwear,T-shirt in premium cotton jersey.,shirt,shirt/0386859027.jpg
148,386859028,386859,T-Shirt Allington R-neck!,255,T-shirt,Garment Upper body,1010016,Solid,53,Dark Pink,4,Dark,4,Pink,5831,Knitwear,F,Menswear,3,Menswear,23,Men Suits & Tailoring,1003,Knitwear,T-shirt in premium cotton jersey.,shirt,shirt/0386859028.jpg
149,386859029,386859,T-Shirt Allington R-neck!,255,T-shirt,Garment Upper body,1010016,Solid,42,Red,7,Medium,18,Red,5831,Knitwear,F,Menswear,3,Menswear,23,Men Suits & Tailoring,1003,Knitwear,T-shirt in premium cotton jersey.,shirt,shirt/0386859029.jpg
150,386859030,386859,T-Shirt Allington R-neck!,255,T-shirt,Garment Upper body,1010016,Solid,93,Dark Green,4,Dark,19,Green,5831,Knitwear,F,Menswear,3,Menswear,23,Men Suits & Tailoring,1003,Knitwear,T-shirt in premium cotton jersey.,shirt,shirt/0386859030.jpg
151,386859037,386859,T-Shirt Allington R-neck!,255,T-shirt,Garment Upper body,1010016,Solid,73,Dark Blue,4,Dark,2,Blue,5831,Knitwear,F,Menswear,3,Menswear,23,Men Suits & Tailoring,1003,Knitwear,T-shirt in premium cotton jersey.,shirt,shirt/0386859037.jpg
152,386859038,386859,T-Shirt Allington R-neck!,255,T-shirt,Garment Upper body,1010016,Solid,72,Blue,7,Medium,2,Blue,5831,Knitwear,F,Menswear,3,Menswear,23,Men Suits & Tailoring,1003,Knitwear,T-shirt in premium cotton jersey.,shirt,shirt/0386859038.jpg
153,386859044,386859,Allington R-neck,255,T-shirt,Garment Upper body,1010016,Solid,73,Dark Blue,2,Medium Dusty,2,Blue,5831,Knitwear,F,Menswear,3,Menswear,23,Men Suits & Tailoring,1003,Knitwear,T-shirt in premium cotton jersey.,shirt,shirt/0386859044.jpg
154,386859050,386859,Allington R-neck,255,T-shirt,Garment Upper body,1010016,Solid,51,Light Pink,1,Dusty Light,4,Pink,5831,Knitwear,F,Menswear,3,Menswear,23,Men Suits & Tailoring,1003,Knitwear,T-shirt in premium cotton jersey.,shirt,shirt/0386859050.jpg
155,386859051,386859,T-Shirt Allington R-neck!,255,T-shirt,Garment Upper body,1010016,Solid,52,Pink,2,Medium Dusty,4,Pink,5831,Knitwear,F,Menswear,3,Menswear,23,Men Suits & Tailoring,1003,Knitwear,T-shirt in premium cotton jersey.,shirt,shirt/0386859051.jpg
156,386859053,386859,Allington R-neck,255,T-shirt,Garment Upper body,1010016,Solid,73,Dark Blue,4,Dark,2,Blue,5831,Knitwear,F,Menswear,3,Menswear,23,Men Suits & Tailoring,1003,Knitwear,T-shirt in premium cotton jersey.,shirt,shirt/0386859053.jpg
157,386859061,386859,Allington R-neck,255,T-shirt,Garment Upper body,1010016,Solid,43,Dark Red,4,Dark,18,Red,5831,Knitwear,F,Menswear,3,Menswear,23,Men Suits & Tailoring,1003,Knitwear,T-shirt in premium cotton jersey.,shirt,shirt/0386859061.jpg
158,395730016,395730,MUMS,257,Polo shirt,Garment Upper body,1010009,Glittering/Metallic,53,Dark Pink,5,Bright,4,Pink,7920,Kids Girl Jersey Basic,H,Children Sizes 92-140,4,Baby/Children,79,Girls Underwear & Basics,1002,Jersey Basic,"Long-sleeved, polo-neck tops in organic cotton jersey.",shirt,shirt/0395730016.jpg
159,395730018,395730,MUMS,257,Polo shirt,Garment Upper body,1010010,Melange,51,Light Pink,3,Light,4,Pink,7920,Kids Girl Jersey Basic,H,Children Sizes 92-140,4,Baby/Children,79,Girls Underwear & Basics,1002,Jersey Basic,"Long-sleeved, polo-neck tops in organic cotton jersey.",shirt,shirt/0395730018.jpg
160,395730020,395730,MUMS,257,Polo shirt,Garment Upper body,1010001,All over pattern,73,Dark Blue,4,Dark,2,Blue,7920,Kids Girl Jersey Basic,H,Children Sizes 92-140,4,Baby/Children,79,Girls Underwear & Basics,1002,Jersey Basic,"Long-sleeved, polo-neck tops in organic cotton jersey.",shirt,shirt/0395730020.jpg
161,395730022,395730,MUMS (1),257,Polo shirt,Garment Upper body,1010010,Melange,6,Light Grey,1,Dusty Light,12,Grey,7920,Kids Girl Jersey Basic,H,Children Sizes 92-140,4,Baby/Children,79,Girls Underwear & Basics,1002,Jersey Basic,"Long-sleeved, polo-neck tops in organic cotton jersey.",shirt,shirt/0395730022.jpg
162,395730028,395730,MUMS (1),257,Polo shirt,Garment Upper body,1010001,All over pattern,7,Grey,1,Dusty Light,12,Grey,7920,Kids Girl Jersey Basic,H,Children Sizes 92-140,4,Baby/Children,79,Girls Underwear & Basics,1002,Jersey Basic,"Long-sleeved, polo-neck tops in organic cotton jersey.",shirt,shirt/0395730028.jpg
163,395730029,395730,MUMS (1),257,Polo shirt,Garment Upper body,1010010,Melange,51,Light Pink,3,Light,4,Pink,7920,Kids Girl Jersey Basic,H,Children Sizes 92-140,4,Baby/Children,79,Girls Underwear & Basics,1002,Jersey Basic,"Long-sleeved, polo-neck tops in organic cotton jersey.",shirt,shirt/0395730029.jpg
164,395730030,395730,MUMS (1),257,Polo shirt,Garment Upper body,1010001,All over pattern,50,Other Pink,5,Bright,4,Pink,7920,Kids Girl Jersey Basic,H,Children Sizes 92-140,4,Baby/Children,79,Girls Underwear & Basics,1002,Jersey Basic,"Long-sleeved, polo-neck tops in organic cotton jersey.",shirt,shirt/0395730030.jpg
165,395730035,395730,MUMS (1),257,Polo shirt,Garment Upper body,1010001,All over pattern,73,Dark Blue,4,Dark,2,Blue,7920,Kids Girl Jersey Basic,H,Children Sizes 92-140,4,Baby/Children,79,Girls Underwear & Basics,1002,Jersey Basic,"Long-sleeved, polo-neck tops in organic cotton jersey.",shirt,shirt/0395730035.jpg
166,395730036,395730,MUMS (1),257,Polo shirt,Garment Upper body,1010001,All over pattern,81,Light Turquoise,1,Dusty Light,7,Turquoise,7920,Kids Girl Jersey Basic,H,Children Sizes 92-140,4,Baby/Children,79,Girls Underwear & Basics,1002,Jersey Basic,"Long-sleeved, polo-neck tops in organic cotton jersey.",shirt,shirt/0395730036.jpg
167,395730037,395730,VIOLA 2-pack,257,Polo shirt,Garment Upper body,1010001,All over pattern,73,Dark Blue,4,Dark,2,Blue,7920,Kids Girl Jersey Basic,H,Children Sizes 92-140,4,Baby/Children,79,Girls Underwear & Basics,1002,Jersey Basic,"Long-sleeved, polo-neck tops in organic cotton jersey.",shirt,shirt/0395730037.jpg
168,395730038,395730,VIOLA 2-pack,257,Polo shirt,Garment Upper body,1010012,Mixed solid/pattern,10,White,3,Light,9,White,7920,Kids Girl Jersey Basic,H,Children Sizes 92-140,4,Baby/Children,79,Girls Underwear & Basics,1002,Jersey Basic,"Long-sleeved, polo-neck tops in organic cotton jersey.",shirt,shirt/0395730038.jpg
169,395730039,395730,VIOLA 2-pack,257,Polo shirt,Garment Upper body,1010016,Solid,9,Black,4,Dark,5,Black,7920,Kids Girl Jersey Basic,H,Children Sizes 92-140,4,Baby/Children,79,Girls Underwear & Basics,1002,Jersey Basic,"Long-sleeved, polo-neck tops in organic cotton jersey.",shirt,shirt/0395730039.jpg
170,395730040,395730,VIOLA 2-pack,257,Polo shirt,Garment Upper body,1010016,Solid,43,Dark Red,4,Dark,18,Red,7920,Kids Girl Jersey Basic,H,Children Sizes 92-140,4,Baby/Children,79,Girls Underwear & Basics,1002,Jersey Basic,"Long-sleeved, polo-neck tops in organic cotton jersey.",shirt,shirt/0395730040.jpg
171,395730041,395730,VIOLA 2-pack,257,Polo shirt,Garment Upper body,1010016,Solid,10,White,3,Light,9,White,7920,Kids Girl Jersey Basic,H,Children Sizes 92-140,4,Baby/Children,79,Girls Underwear & Basics,1002,Jersey Basic,"Long-sleeved, polo-neck tops in organic cotton jersey.",shirt,shirt/0395730041.jpg
172,395730043,395730,VIOLA 2-pack (TVP),257,Polo shirt,Garment Upper body,1010001,All over pattern,73,Dark Blue,4,Dark,2,Blue,7920,Kids Girl Jersey Basic,H,Children Sizes 92-140,4,Baby/Children,79,Girls Underwear & Basics,1002,Jersey Basic,"Long-sleeved, polo-neck tops in organic cotton jersey.",shirt,shirt/0395730043.jpg
173,395730045,395730,VIOLA 2-pack (TVP),257,Polo shirt,Garment Upper body,1010001,All over pattern,51,Light Pink,1,Dusty Light,4,Pink,7920,Kids Girl Jersey Basic,H,Children Sizes 92-140,4,Baby/Children,79,Girls Underwear & Basics,1002,Jersey Basic,"Long-sleeved, polo-neck tops in organic cotton jersey.",shirt,shirt/0395730045.jpg
174,398074001,398074,Sara 3/4,255,T-shirt,Garment Upper body,1010016,Solid,9,Black,4,Dark,5,Black,2032,Jersey,A,Ladieswear,1,Ladieswear,8,Mama,1005,Jersey Fancy,Top in soft organic cotton jersey with 3/4-length sleeves and gathers in the side seams for best fit.,shirt,shirt/0398074001.jpg
175,398074046,398074,Sara 3/4,255,T-shirt,Garment Upper body,1010016,Solid,83,Dark Turquoise,4,Dark,7,Turquoise,2032,Jersey,A,Ladieswear,1,Ladieswear,8,Mama,1005,Jersey Fancy,Top in soft organic cotton jersey with 3/4-length sleeves and gathers in the side seams for best fit.,shirt,shirt/0398074046.jpg
176,398074048,398074,Sara 3/4,255,T-shirt,Garment Upper body,1010017,Stripe,73,Dark Blue,4,Dark,2,Blue,2032,Jersey,A,Ladieswear,1,Ladieswear,8,Mama,1005,Jersey Fancy,Top in soft organic cotton jersey with 3/4-length sleeves and gathers in the side seams for best fit.,shirt,shirt/0398074048.jpg
177,398074055,398074,Sara 3/4,255,T-shirt,Garment Upper body,1010001,All over pattern,73,Dark Blue,4,Dark,2,Blue,2032,Jersey,A,Ladieswear,1,Ladieswear,8,Mama,1005,Jersey Fancy,Top in soft organic cotton jersey with 3/4-length sleeves and gathers in the side seams for best fit.,shirt,shirt/0398074055.jpg
178,398074056,398074,Sara 3/4,255,T-shirt,Garment Upper body,1010001,All over pattern,9,Black,4,Dark,5,Black,2032,Jersey,A,Ladieswear,1,Ladieswear,8,Mama,1005,Jersey Fancy,Top in soft organic cotton jersey with 3/4-length sleeves and gathers in the side seams for best fit.,shirt,shirt/0398074056.jpg
179,398074059,398074,Sara 3/4,255,T-shirt,Garment Upper body,1010017,Stripe,7,Grey,2,Medium Dusty,12,Grey,2032,Jersey,A,Ladieswear,1,Ladieswear,8,Mama,1005,Jersey Fancy,Top in soft organic cotton jersey with 3/4-length sleeves and gathers in the side seams for best fit.,shirt,shirt/0398074059.jpg
180,398074065,398074,Sara 3/4,255,T-shirt,Garment Upper body,1010010,Melange,43,Dark Red,4,Dark,18,Red,2032,Jersey,A,Ladieswear,1,Ladieswear,8,Mama,1005,Jersey Fancy,Top in soft organic cotton jersey with 3/4-length sleeves and gathers in the side seams for best fit.,shirt,shirt/0398074065.jpg
181,398074069,398074,Sara 3/4,255,T-shirt,Garment Upper body,1010016,Solid,10,White,3,Light,9,White,2032,Jersey,A,Ladieswear,1,Ladieswear,8,Mama,1005,Jersey Fancy,Top in soft organic cotton jersey with 3/4-length sleeves and gathers in the side seams for best fit.,shirt,shirt/0398074069.jpg
182,398559008,398559,Molly T-shirt,255,T-shirt,Garment Upper body,1010014,Placement print,6,Light Grey,1,Dusty Light,12,Grey,2032,Jersey,A,Ladieswear,1,Ladieswear,8,Mama,1005,Jersey Fancy,"Jersey top with a motif on the front, short sleeves and gathers in the sides for optimum fit.",shirt,shirt/0398559008.jpg
183,402065024,402065,OSCAR l/s tee SB,255,T-shirt,Garment Upper body,1010005,Colour blocking,9,Black,4,Dark,5,Black,7668,Kids Boy Jersey Basic,H,Children Sizes 92-140,4,Baby/Children,72,Boys Underwear & Basics,1002,Jersey Basic,Long-sleeved top in organic cotton jersey with a ribbed neckline and a chest pocket.,shirt,shirt/0402065024.jpg
184,402065030,402065,OSCAR l/s tee SB,255,T-shirt,Garment Upper body,1010001,All over pattern,8,Dark Grey,4,Dark,12,Grey,7668,Kids Boy Jersey Basic,H,Children Sizes 92-140,4,Baby/Children,72,Boys Underwear & Basics,1002,Jersey Basic,Long-sleeved top in organic cotton jersey with a ribbed neckline and a chest pocket.,shirt,shirt/0402065030.jpg
185,402065038,402065,OSCAR l/s tee SB,255,T-shirt,Garment Upper body,1010017,Stripe,73,Dark Blue,4,Dark,2,Blue,7668,Kids Boy Jersey Basic,H,Children Sizes 92-140,4,Baby/Children,72,Boys Underwear & Basics,1002,Jersey Basic,Long-sleeved top in organic cotton jersey with a ribbed neckline and a chest pocket.,shirt,shirt/0402065038.jpg
186,402065039,402065,TP OSCAR l/s tee SB,255,T-shirt,Garment Upper body,1010017,Stripe,73,Dark Blue,4,Dark,2,Blue,7668,Kids Boy Jersey Basic,H,Children Sizes 92-140,4,Baby/Children,72,Boys Underwear & Basics,1002,Jersey Basic,Long-sleeved top in organic cotton jersey with a ribbed neckline and a chest pocket.,shirt,shirt/0402065039.jpg
187,402065041,402065,TP OSCAR l/s tee SB,255,T-shirt,Garment Upper body,1010017,Stripe,7,Grey,1,Dusty Light,12,Grey,7668,Kids Boy Jersey Basic,H,Children Sizes 92-140,4,Baby/Children,72,Boys Underwear & Basics,1002,Jersey Basic,Long-sleeved top in organic cotton jersey with a ribbed neckline and a chest pocket.,shirt,shirt/0402065041.jpg
188,402065043,402065,TP OSCAR l/s tee SB,255,T-shirt,Garment Upper body,1010017,Stripe,22,Yellow,5,Bright,8,Yellow,7668,Kids Boy Jersey Basic,H,Children Sizes 92-140,4,Baby/Children,72,Boys Underwear & Basics,1002,Jersey Basic,Long-sleeved top in organic cotton jersey with a ribbed neckline and a chest pocket.,shirt,shirt/0402065043.jpg
189,403479001,403479,TP BILLY Basic 2-p S/S r n BB,255,T-shirt,Garment Upper body,1010016,Solid,73,Dark Blue,4,Dark,2,Blue,8768,Young Boy Jersey Basic,I,Children Sizes 134-170,4,Baby/Children,72,Boys Underwear & Basics,1002,Jersey Basic,"T-shirts in organic cotton jersey with a round, ribbed neckline.",shirt,shirt/0403479001.jpg
190,403479005,403479,BILLY Basic 2-p S/S r n BB,255,T-shirt,Garment Upper body,1010016,Solid,9,Black,4,Dark,5,Black,8768,Young Boy Jersey Basic,I,Children Sizes 134-170,4,Baby/Children,72,Boys Underwear & Basics,1002,Jersey Basic,"T-shirts in organic cotton jersey with a round, ribbed neckline.",shirt,shirt/0403479005.jpg
191,403479007,403479,TP BILLY Basic 2-p S/S r n BB,255,T-shirt,Garment Upper body,1010016,Solid,9,Black,4,Dark,5,Black,8768,Young Boy Jersey Basic,I,Children Sizes 134-170,4,Baby/Children,72,Boys Underwear & Basics,1002,Jersey Basic,"T-shirts in organic cotton jersey with a round, ribbed neckline.",shirt,shirt/0403479007.jpg
192,403479008,403479,BILLY s/s BB 2PACK,255,T-shirt,Garment Upper body,1010016,Solid,9,Black,4,Dark,5,Black,8768,Young Boy Jersey Basic,I,Children Sizes 134-170,4,Baby/Children,72,Boys Underwear & Basics,1002,Jersey Basic,"T-shirts in organic cotton jersey with a round, ribbed neckline.",shirt,shirt/0403479008.jpg
193,403490011,403490,ELIAS basic V-neck BB 2-p,255,T-shirt,Garment Upper body,1010016,Solid,9,Black,4,Dark,5,Black,8768,Young Boy Jersey Basic,I,Children Sizes 134-170,4,Baby/Children,72,Boys Underwear & Basics,1002,Jersey Basic,V-neck T-shirts in organic cotton jersey.,shirt,shirt/0403490011.jpg
194,403490012,403490,ELIAS basic V-neck BB 2-p,255,T-shirt,Garment Upper body,1010016,Solid,73,Dark Blue,4,Dark,2,Blue,8768,Young Boy Jersey Basic,I,Children Sizes 134-170,4,Baby/Children,72,Boys Underwear & Basics,1002,Jersey Basic,V-neck T-shirts in organic cotton jersey.,shirt,shirt/0403490012.jpg
195,403490017,403490,ELIAS basic 2-p V-neck BB,255,T-shirt,Garment Upper body,1010016,Solid,73,Dark Blue,5,Bright,2,Blue,8768,Young Boy Jersey Basic,I,Children Sizes 134-170,4,Baby/Children,72,Boys Underwear & Basics,1002,Jersey Basic,V-neck T-shirts in organic cotton jersey.,shirt,shirt/0403490017.jpg
196,403579007,403579,JONES l/s Henley BB,255,T-shirt,Garment Upper body,1010017,Stripe,73,Dark Blue,4,Dark,2,Blue,8768,Young Boy Jersey Basic,I,Children Sizes 134-170,4,Baby/Children,72,Boys Underwear & Basics,1002,Jersey Basic,Long-sleeved jersey T-shirt in a cotton blend with a button placket and raglan sleeves. The cotton content of the T-shirt is organic.,shirt,shirt/0403579007.jpg
197,409731006,409731,Cornell ss jumper,255,T-shirt,Garment Upper body,1010016,Solid,31,Light Orange,1,Dusty Light,3,Orange,1644,Projects Jersey & Knitwear,D,Divided,2,Divided,50,Divided Projects,1005,Jersey Fancy,"Short-sleeved jumper in a soft, fine knit with a collar and opening with a button at the back of the neck. Ribbed trims around the sleeves and hem.",shirt,shirt/0409731006.jpg
198,410624005,410624,Mitch top,255,T-shirt,Garment Upper body,1010016,Solid,81,Light Turquoise,1,Dusty Light,7,Turquoise,1644,Projects Jersey & Knitwear,D,Divided,2,Divided,50,Divided Projects,1005,Jersey Fancy,Short top in soft jersey made from a viscose and linen blend with 3/4-length sleeves with a flounce and a flounce at the hem.,shirt,shirt/0410624005.jpg
199,411413001,411413,Brooke raw cut ss,255,T-shirt,Garment Upper body,1010016,Solid,9,Black,4,Dark,5,Black,1643,Basic 1,D,Divided,2,Divided,51,Divided Basics,1002,Jersey Basic,Cropped T-shirt in jersey with a chest pocket and short sleeves with sewn-in turn-ups.,shirt,shirt/0411413001.jpg
200,411413002,411413,Brooke raw cut ss,255,T-shirt,Garment Upper body,1010016,Solid,10,White,3,Light,9,White,1643,Basic 1,D,Divided,2,Divided,51,Divided Basics,1002,Jersey Basic,Cropped T-shirt in jersey with a chest pocket and short sleeves with sewn-in turn-ups.,shirt,shirt/0411413002.jpg
201,411413004,411413,Brooke raw cut ss,255,T-shirt,Garment Upper body,1010010,Melange,93,Dark Green,7,Medium,19,Green,1643,Basic 1,D,Divided,2,Divided,51,Divided Basics,1002,Jersey Basic,Cropped T-shirt in jersey with a chest pocket and short sleeves with sewn-in turn-ups.,shirt,shirt/0411413004.jpg
202,411413008,411413,Brooke raw cut ss,255,T-shirt,Garment Upper body,1010016,Solid,1,Other,6,Undefined,14,undefined,1643,Basic 1,D,Divided,2,Divided,51,Divided Basics,1002,Jersey Basic,Cropped T-shirt in jersey with a chest pocket and short sleeves with sewn-in turn-ups.,shirt,shirt/0411413008.jpg
203,411413010,411413,Brooke raw cut ss,255,T-shirt,Garment Upper body,1010010,Melange,81,Light Turquoise,1,Dusty Light,7,Turquoise,1643,Basic 1,D,Divided,2,Divided,51,Divided Basics,1002,Jersey Basic,Cropped T-shirt in jersey with a chest pocket and short sleeves with sewn-in turn-ups.,shirt,shirt/0411413010.jpg
204,411413014,411413,Brooke raw cut ss,255,T-shirt,Garment Upper body,1010016,Solid,53,Dark Pink,4,Dark,18,Red,1643,Basic 1,D,Divided,2,Divided,51,Divided Basics,1002,Jersey Basic,Cropped T-shirt in jersey with a chest pocket and short sleeves with sewn-in turn-ups.,shirt,shirt/0411413014.jpg
205,411413017,411413,Brooke raw cut ss,255,T-shirt,Garment Upper body,1010016,Solid,19,Greenish Khaki,4,Dark,20,Khaki green,1643,Basic 1,D,Divided,2,Divided,51,Divided Basics,1002,Jersey Basic,Cropped T-shirt in jersey with a chest pocket and short sleeves with sewn-in turn-ups.,shirt,shirt/0411413017.jpg
206,411413020,411413,Brooke raw cut ss,255,T-shirt,Garment Upper body,1010016,Solid,72,Blue,5,Bright,2,Blue,1643,Basic 1,D,Divided,2,Divided,51,Divided Basics,1002,Jersey Basic,Cropped T-shirt in jersey with a chest pocket and short sleeves with sewn-in turn-ups.,shirt,shirt/0411413020.jpg
207,411413021,411413,Brooke raw cut ss,255,T-shirt,Garment Upper body,1010017,Stripe,42,Red,7,Medium,18,Red,1643,Basic 1,D,Divided,2,Divided,51,Divided Basics,1002,Jersey Basic,Cropped T-shirt in jersey with a chest pocket and short sleeves with sewn-in turn-ups.,shirt,shirt/0411413021.jpg
208,411413022,411413,Brooke raw cut ss,255,T-shirt,Garment Upper body,1010010,Melange,7,Grey,1,Dusty Light,12,Grey,1643,Basic 1,D,Divided,2,Divided,51,Divided Basics,1002,Jersey Basic,Cropped T-shirt in jersey with a chest pocket and short sleeves with sewn-in turn-ups.,shirt,shirt/0411413022.jpg
209,411413023,411413,Brooke raw cut ss,255,T-shirt,Garment Upper body,1010016,Solid,42,Red,7,Medium,18,Red,1643,Basic 1,D,Divided,2,Divided,51,Divided Basics,1002,Jersey Basic,Cropped T-shirt in jersey with a chest pocket and short sleeves with sewn-in turn-ups.,shirt,shirt/0411413023.jpg
210,421387025,421387,Isak graphic tee,255,T-shirt,Garment Upper body,1010001,All over pattern,93,Dark Green,2,Medium Dusty,19,Green,8394,Men Sport Bottoms,S,Sport,26,Sport,22,Men H&M Sport,1005,Jersey Fancy,"Running top in fast-drying, breathable functional fabric with short raglan sleeves and reflective details. Regular fit.",shirt,shirt/0421387025.jpg
211,421387027,421387,Isak graphic tee,255,T-shirt,Garment Upper body,1010001,All over pattern,73,Dark Blue,4,Dark,2,Blue,8394,Men Sport Bottoms,S,Sport,26,Sport,22,Men H&M Sport,1005,Jersey Fancy,"Running top in fast-drying, breathable functional fabric with short raglan sleeves and reflective details. Regular fit.",shirt,shirt/0421387027.jpg
212,421387028,421387,Isak graphic tee,255,T-shirt,Garment Upper body,1010001,All over pattern,73,Dark Blue,4,Dark,2,Blue,8394,Men Sport Bottoms,S,Sport,26,Sport,22,Men H&M Sport,1005,Jersey Fancy,"Running top in fast-drying, breathable functional fabric with short raglan sleeves and reflective details. Regular fit.",shirt,shirt/0421387028.jpg
213,421387029,421387,Isak graphic tee,255,T-shirt,Garment Upper body,1010001,All over pattern,73,Dark Blue,4,Dark,7,Turquoise,8394,Men Sport Bottoms,S,Sport,26,Sport,22,Men H&M Sport,1005,Jersey Fancy,"Running top in fast-drying, breathable functional fabric with short raglan sleeves and reflective details. Regular fit.",shirt,shirt/0421387029.jpg
214,421387032,421387,Isak graphic tee,255,T-shirt,Garment Upper body,1010001,All over pattern,73,Dark Blue,4,Dark,7,Turquoise,8394,Men Sport Bottoms,S,Sport,26,Sport,22,Men H&M Sport,1005,Jersey Fancy,"Running top in fast-drying, breathable functional fabric with short raglan sleeves and reflective details. Regular fit.",shirt,shirt/0421387032.jpg
215,421387033,421387,Isak graphic tee,255,T-shirt,Garment Upper body,1010014,Placement print,9,Black,4,Dark,5,Black,8394,Men Sport Bottoms,S,Sport,26,Sport,22,Men H&M Sport,1005,Jersey Fancy,"Running top in fast-drying, breathable functional fabric with short raglan sleeves and reflective details. Regular fit.",shirt,shirt/0421387033.jpg
216,421387034,421387,Isak graphic tee,255,T-shirt,Garment Upper body,1010001,All over pattern,73,Dark Blue,4,Dark,2,Blue,8394,Men Sport Bottoms,S,Sport,26,Sport,22,Men H&M Sport,1005,Jersey Fancy,"Running top in fast-drying, breathable functional fabric with short raglan sleeves and reflective details. Regular fit.",shirt,shirt/0421387034.jpg
217,421387036,421387,Isak graphic tee,255,T-shirt,Garment Upper body,1010001,All over pattern,9,Black,4,Dark,5,Black,8394,Men Sport Bottoms,S,Sport,26,Sport,22,Men H&M Sport,1005,Jersey Fancy,"Running top in fast-drying, breathable functional fabric with short raglan sleeves and reflective details. Regular fit.",shirt,shirt/0421387036.jpg
218,421387038,421387,Isak graphic tee,255,T-shirt,Garment Upper body,1010001,All over pattern,73,Dark Blue,4,Dark,2,Blue,8394,Men Sport Bottoms,S,Sport,26,Sport,22,Men H&M Sport,1005,Jersey Fancy,"Running top in fast-drying, breathable functional fabric with short raglan sleeves and reflective details. Regular fit.",shirt,shirt/0421387038.jpg
219,421387041,421387,Isak graphic tee,255,T-shirt,Garment Upper body,1010001,All over pattern,93,Dark Green,4,Dark,19,Green,8394,Men Sport Bottoms,S,Sport,26,Sport,22,Men H&M Sport,1005,Jersey Fancy,"Running top in fast-drying, breathable functional fabric with short raglan sleeves and reflective details. Regular fit.",shirt,shirt/0421387041.jpg
220,421387042,421387,Isak graphic tee,255,T-shirt,Garment Upper body,1010001,All over pattern,32,Orange,5,Bright,3,Orange,8394,Men Sport Bottoms,S,Sport,26,Sport,22,Men H&M Sport,1005,Jersey Fancy,"Running top in fast-drying, breathable functional fabric with short raglan sleeves and reflective details. Regular fit.",shirt,shirt/0421387042.jpg
221,421387048,421387,Isak graphic tee,255,T-shirt,Garment Upper body,1010017,Stripe,9,Black,4,Dark,5,Black,8394,Men Sport Bottoms,S,Sport,26,Sport,22,Men H&M Sport,1005,Jersey Fancy,"Running top in fast-drying, breathable functional fabric with short raglan sleeves and reflective details. Regular fit.",shirt,shirt/0421387048.jpg
222,421941007,421941,Specter l/s tee,255,T-shirt,Garment Upper body,1010005,Colour blocking,10,White,3,Light,9,White,8558,Men Sport Tops,S,Sport,26,Sport,22,Men H&M Sport,1007,Outdoor,Sports top in fast-drying functional fabric with long raglan sleeves and a rounded hem. Slightly longer at the back. Regular fit.,shirt,shirt/0421941007.jpg
223,421941008,421941,Specter l/s tee,255,T-shirt,Garment Upper body,1010005,Colour blocking,93,Dark Green,2,Medium Dusty,19,Green,8558,Men Sport Tops,S,Sport,26,Sport,22,Men H&M Sport,1007,Outdoor,Sports top in fast-drying functional fabric with long raglan sleeves and a rounded hem. Slightly longer at the back. Regular fit.,shirt,shirt/0421941008.jpg
224,424022011,424022,Annabel V neck,255,T-shirt,Garment Upper body,1010016,Solid,9,Black,4,Dark,5,Black,1670,Jersey License,A,Ladieswear,1,Ladieswear,6,Womens Casual,1005,Jersey Fancy,Fitted slub jersey top made from organic cotton with a V-neck and long sleeves.,shirt,shirt/0424022011.jpg
225,426609029,426609,Fancy correy,255,T-shirt,Garment Upper body,1010001,All over pattern,9,Black,4,Dark,5,Black,8559,Men Sport Woven,S,Sport,26,Sport,22,Men H&M Sport,1005,Jersey Fancy,"Short-sleeved, patterned sports top in fast-drying, breathable functional fabric. Regular fit. The polyester content of the top is recycled.",shirt,shirt/0426609029.jpg
226,426609038,426609,Fancy correy,255,T-shirt,Garment Upper body,1010001,All over pattern,8,Dark Grey,4,Dark,12,Grey,8559,Men Sport Woven,S,Sport,26,Sport,22,Men H&M Sport,1005,Jersey Fancy,"Short-sleeved, patterned sports top in fast-drying, breathable functional fabric. Regular fit. The polyester content of the top is recycled.",shirt,shirt/0426609038.jpg
227,426609040,426609,Fancy correy,255,T-shirt,Garment Upper body,1010001,All over pattern,72,Blue,5,Bright,2,Blue,8559,Men Sport Woven,S,Sport,26,Sport,22,Men H&M Sport,1005,Jersey Fancy,"Short-sleeved, patterned sports top in fast-drying, breathable functional fabric. Regular fit. The polyester content of the top is recycled.",shirt,shirt/0426609040.jpg
228,426609041,426609,Fancy correy,255,T-shirt,Garment Upper body,1010001,All over pattern,41,Light Red,7,Medium,18,Red,8559,Men Sport Woven,S,Sport,26,Sport,22,Men H&M Sport,1005,Jersey Fancy,"Short-sleeved, patterned sports top in fast-drying, breathable functional fabric. Regular fit. The polyester content of the top is recycled.",shirt,shirt/0426609041.jpg
229,426609042,426609,Fancy correy,255,T-shirt,Garment Upper body,1010001,All over pattern,82,Turquoise,7,Medium,7,Turquoise,8559,Men Sport Woven,S,Sport,26,Sport,22,Men H&M Sport,1005,Jersey Fancy,"Short-sleeved, patterned sports top in fast-drying, breathable functional fabric. Regular fit. The polyester content of the top is recycled.",shirt,shirt/0426609042.jpg
230,433414010,433414,NT Maria 2-pack,255,T-shirt,Garment Upper body,1010016,Solid,10,White,3,Light,9,White,2032,Jersey,A,Ladieswear,1,Ladieswear,8,Mama,1005,Jersey Fancy,Short-sleeved nursing tops in organic cotton jersey with a wrapover front and practical inner top for easier nursing access.,shirt,shirt/0433414010.jpg
231,433414016,433414,NT Maria 2-pack,255,T-shirt,Garment Upper body,1010016,Solid,73,Dark Blue,4,Dark,2,Blue,2035,Nursing,A,Ladieswear,1,Ladieswear,8,Mama,1005,Jersey Fancy,Short-sleeved nursing tops in organic cotton jersey with a wrapover front and practical inner top for easier nursing access.,shirt,shirt/0433414016.jpg
232,433414020,433414,Maria NT 2-pack,255,T-shirt,Garment Upper body,1010001,All over pattern,6,Light Grey,1,Dusty Light,12,Grey,2035,Nursing,A,Ladieswear,1,Ladieswear,8,Mama,1005,Jersey Fancy,Short-sleeved nursing tops in organic cotton jersey with a wrapover front and practical inner top for easier nursing access.,shirt,shirt/0433414020.jpg
233,433414022,433414,NT Maria 2-pack,255,T-shirt,Garment Upper body,1010017,Stripe,73,Dark Blue,4,Dark,2,Blue,2035,Nursing,A,Ladieswear,1,Ladieswear,8,Mama,1005,Jersey Fancy,Short-sleeved nursing tops in organic cotton jersey with a wrapover front and practical inner top for easier nursing access.,shirt,shirt/0433414022.jpg
234,433414028,433414,NT Maria 2-pack,255,T-shirt,Garment Upper body,1010016,Solid,73,Dark Blue,4,Dark,2,Blue,2032,Jersey,A,Ladieswear,1,Ladieswear,8,Mama,1005,Jersey Fancy,Short-sleeved nursing tops in organic cotton jersey with a wrapover front and practical inner top for easier nursing access.,shirt,shirt/0433414028.jpg
235,433414030,433414,NT Maria 2-pack,255,T-shirt,Garment Upper body,1010001,All over pattern,10,White,3,Light,9,White,2032,Jersey,A,Ladieswear,1,Ladieswear,8,Mama,1005,Jersey Fancy,Short-sleeved nursing tops in organic cotton jersey with a wrapover front and practical inner top for easier nursing access.,shirt,shirt/0433414030.jpg
236,433414031,433414,NT Maria 2-pack,255,T-shirt,Garment Upper body,1010017,Stripe,10,White,3,Light,9,White,2032,Jersey,A,Ladieswear,1,Ladieswear,8,Mama,1005,Jersey Fancy,Short-sleeved nursing tops in organic cotton jersey with a wrapover front and practical inner top for easier nursing access.,shirt,shirt/0433414031.jpg
237,433414034,433414,NT Maria 2-pack,255,T-shirt,Garment Upper body,1010001,All over pattern,10,White,3,Light,9,White,2032,Jersey,A,Ladieswear,1,Ladieswear,8,Mama,1005,Jersey Fancy,Short-sleeved nursing tops in organic cotton jersey with a wrapover front and practical inner top for easier nursing access.,shirt,shirt/0433414034.jpg
238,433414035,433414,NT Maria 2-pack,255,T-shirt,Garment Upper body,1010017,Stripe,10,White,3,Light,9,White,2032,Jersey,A,Ladieswear,1,Ladieswear,8,Mama,1005,Jersey Fancy,Short-sleeved nursing tops in organic cotton jersey with a wrapover front and practical inner top for easier nursing access.,shirt,shirt/0433414035.jpg
239,433414037,433414,NT Maria 2-pack,255,T-shirt,Garment Upper body,1010016,Solid,12,Light Beige,1,Dusty Light,11,Beige,2032,Jersey,A,Ladieswear,1,Ladieswear,8,Mama,1005,Jersey Fancy,Short-sleeved nursing tops in organic cotton jersey with a wrapover front and practical inner top for easier nursing access.,shirt,shirt/0433414037.jpg
240,433414039,433414,NT Maria 2-pack,255,T-shirt,Garment Upper body,1010001,All over pattern,6,Light Grey,1,Dusty Light,12,Grey,2032,Jersey,A,Ladieswear,1,Ladieswear,8,Mama,1005,Jersey Fancy,Short-sleeved nursing tops in organic cotton jersey with a wrapover front and practical inner top for easier nursing access.,shirt,shirt/0433414039.jpg
241,433414040,433414,NT Maria 2-pack,255,T-shirt,Garment Upper body,1010017,Stripe,73,Dark Blue,4,Dark,2,Blue,2032,Jersey,A,Ladieswear,1,Ladieswear,8,Mama,1005,Jersey Fancy,Short-sleeved nursing tops in organic cotton jersey with a wrapover front and practical inner top for easier nursing access.,shirt,shirt/0433414040.jpg
242,433414041,433414,NT Maria 2-pack,255,T-shirt,Garment Upper body,1010010,Melange,43,Dark Red,4,Dark,18,Red,2032,Jersey,A,Ladieswear,1,Ladieswear,8,Mama,1005,Jersey Fancy,Short-sleeved nursing tops in organic cotton jersey with a wrapover front and practical inner top for easier nursing access.,shirt,shirt/0433414041.jpg
243,433444001,433444,Sara s/s 2-pack,255,T-shirt,Garment Upper body,1010016,Solid,10,White,3,Light,9,White,2032,Jersey,A,Ladieswear,1,Ladieswear,8,Mama,1005,Jersey Fancy,Fitted tops in soft jersey with short sleeves and gathers in the sides for best fit over the tummy. The cotton content of the tops is organic.,shirt,shirt/0433444001.jpg
244,433444006,433444,Sara s/s 2-pack,255,T-shirt,Garment Upper body,1010010,Melange,52,Pink,7,Medium,4,Pink,2032,Jersey,A,Ladieswear,1,Ladieswear,8,Mama,1005,Jersey Fancy,Fitted tops in soft jersey with short sleeves and gathers in the sides for best fit over the tummy. The cotton content of the tops is organic.,shirt,shirt/0433444006.jpg
245,433444007,433444,Sara s/s 2-pack,255,T-shirt,Garment Upper body,1010010,Melange,73,Dark Blue,4,Dark,2,Blue,2032,Jersey,A,Ladieswear,1,Ladieswear,8,Mama,1005,Jersey Fancy,Fitted tops in soft jersey with short sleeves and gathers in the sides for best fit over the tummy. The cotton content of the tops is organic.,shirt,shirt/0433444007.jpg
246,433444013,433444,Sara s/s 2-pack,255,T-shirt,Garment Upper body,1010016,Solid,43,Dark Red,4,Dark,18,Red,2032,Jersey,A,Ladieswear,1,Ladieswear,8,Mama,1005,Jersey Fancy,Fitted tops in soft jersey with short sleeves and gathers in the sides for best fit over the tummy. The cotton content of the tops is organic.,shirt,shirt/0433444013.jpg
247,433444016,433444,Sara s/s 2-pack,255,T-shirt,Garment Upper body,1010001,All over pattern,10,White,3,Light,9,White,2032,Jersey,A,Ladieswear,1,Ladieswear,8,Mama,1005,Jersey Fancy,Fitted tops in soft jersey with short sleeves and gathers in the sides for best fit over the tummy. The cotton content of the tops is organic.,shirt,shirt/0433444016.jpg
248,433444017,433444,Sara s/s 2-pack,255,T-shirt,Garment Upper body,1010001,All over pattern,10,White,3,Light,9,White,2032,Jersey,A,Ladieswear,1,Ladieswear,8,Mama,1005,Jersey Fancy,Fitted tops in soft jersey with short sleeves and gathers in the sides for best fit over the tummy. The cotton content of the tops is organic.,shirt,shirt/0433444017.jpg
249,433444019,433444,Sara s/s 2-pack,255,T-shirt,Garment Upper body,1010017,Stripe,73,Dark Blue,4,Dark,2,Blue,2032,Jersey,A,Ladieswear,1,Ladieswear,8,Mama,1005,Jersey Fancy,Fitted tops in soft jersey with short sleeves and gathers in the sides for best fit over the tummy. The cotton content of the tops is organic.,shirt,shirt/0433444019.jpg
250,433444021,433444,Sara s/s 2-pack,255,T-shirt,Garment Upper body,1010010,Melange,51,Light Pink,3,Light,4,Pink,2032,Jersey,A,Ladieswear,1,Ladieswear,8,Mama,1005,Jersey Fancy,Fitted tops in soft jersey with short sleeves and gathers in the sides for best fit over the tummy. The cotton content of the tops is organic.,shirt,shirt/0433444021.jpg
251,433444022,433444,Sara s/s 2-pack,255,T-shirt,Garment Upper body,1010001,All over pattern,10,White,3,Light,9,White,2032,Jersey,A,Ladieswear,1,Ladieswear,8,Mama,1005,Jersey Fancy,Fitted tops in soft jersey with short sleeves and gathers in the sides for best fit over the tummy. The cotton content of the tops is organic.,shirt,shirt/0433444022.jpg
252,439793008,439793,Jordan,255,T-shirt,Garment Upper body,1010010,Melange,6,Light Grey,1,Dusty Light,12,Grey,2032,Jersey,A,Ladieswear,1,Ladieswear,8,Mama,1005,Jersey Fancy,T-shirt in soft viscose jersey with a deep neckline at the front and a chest pocket.,shirt,shirt/0439793008.jpg
253,439793009,439793,Jordan,255,T-shirt,Garment Upper body,1010016,Solid,31,Light Orange,3,Light,3,Orange,2032,Jersey,A,Ladieswear,1,Ladieswear,8,Mama,1005,Jersey Fancy,T-shirt in soft viscose jersey with a deep neckline at the front and a chest pocket.,shirt,shirt/0439793009.jpg
254,439793010,439793,Jordan,255,T-shirt,Garment Upper body,1010016,Solid,9,Black,4,Dark,5,Black,2032,Jersey,A,Ladieswear,1,Ladieswear,8,Mama,1005,Jersey Fancy,T-shirt in soft viscose jersey with a deep neckline at the front and a chest pocket.,shirt,shirt/0439793010.jpg
255,439793011,439793,Jordan,255,T-shirt,Garment Upper body,1010010,Melange,6,Light Grey,1,Dusty Light,12,Grey,2032,Jersey,A,Ladieswear,1,Ladieswear,8,Mama,1005,Jersey Fancy,T-shirt in soft viscose jersey with a deep neckline at the front and a chest pocket.,shirt,shirt/0439793011.jpg
256,440144001,440144,Curtis Tee,255,T-shirt,Garment Upper body,1010016,Solid,9,Black,4,Dark,5,Black,5883,Jersey Basic,F,Menswear,3,Menswear,26,Men Underwear,1002,Jersey Basic,Straight-cut cotton jersey T-shirt with a slightly wider neckline.,shirt,shirt/0440144001.jpg
257,441536003,441536,Vero Tee Embellished,255,T-shirt,Garment Upper body,1010008,Front print,43,Dark Red,4,Dark,18,Red,5962,Jersey Fancy DS,D,Divided,2,Divided,58,Divided Selected,1005,Jersey Fancy,"T-shirt in washed jersey with a text print on the front decorated with studs and plastic beads. Roll-edge neckline, seam centre back and short sleeves with sewn-in turn-ups at the hems.",shirt,shirt/0441536003.jpg
258,443860005,443860,Polo S/S Highline,257,Polo shirt,Garment Upper body,1010016,Solid,43,Dark Red,4,Dark,18,Red,5831,Knitwear,F,Menswear,3,Menswear,23,Men Suits & Tailoring,1003,Knitwear,"Fine-knit polo shirt in a silk and cotton blend with a button placket and ribbing at the collar, cuffs and hem.",shirt,shirt/0443860005.jpg
259,443860011,443860,S/S Polo Highline,257,Polo shirt,Garment Upper body,1010016,Solid,6,Light Grey,1,Dusty Light,12,Grey,5831,Knitwear,F,Menswear,3,Menswear,23,Men Suits & Tailoring,1003,Knitwear,"Fine-knit polo shirt in a silk and cotton blend with a button placket and ribbing at the collar, cuffs and hem.",shirt,shirt/0443860011.jpg
260,443860012,443860,S/S Polo Highline,257,Polo shirt,Garment Upper body,1010016,Solid,72,Blue,7,Medium,2,Blue,5831,Knitwear,F,Menswear,3,Menswear,23,Men Suits & Tailoring,1003,Knitwear,"Fine-knit polo shirt in a silk and cotton blend with a button placket and ribbing at the collar, cuffs and hem.",shirt,shirt/0443860012.jpg
261,443860013,443860,Polo S/S Highline TVP,257,Polo shirt,Garment Upper body,1010016,Solid,73,Dark Blue,4,Dark,2,Blue,5831,Knitwear,F,Menswear,3,Menswear,23,Men Suits & Tailoring,1003,Knitwear,"Fine-knit polo shirt in a silk and cotton blend with a button placket and ribbing at the collar, cuffs and hem.",shirt,shirt/0443860013.jpg
262,443860014,443860,S/S Polo Highline,257,Polo shirt,Garment Upper body,1010016,Solid,23,Dark Yellow,4,Dark,8,Yellow,5831,Knitwear,F,Menswear,3,Menswear,23,Men Suits & Tailoring,1003,Knitwear,"Fine-knit polo shirt in a silk and cotton blend with a button placket and ribbing at the collar, cuffs and hem.",shirt,shirt/0443860014.jpg
263,443860020,443860,Polo S/S Highline TVP,257,Polo shirt,Garment Upper body,1010016,Solid,11,Off White,1,Dusty Light,9,White,5831,Knitwear,F,Menswear,3,Menswear,23,Men Suits & Tailoring,1003,Knitwear,"Fine-knit polo shirt in a silk and cotton blend with a button placket and ribbing at the collar, cuffs and hem.",shirt,shirt/0443860020.jpg
264,443860021,443860,Polo S/S Highline,257,Polo shirt,Garment Upper body,1010016,Solid,73,Dark Blue,4,Dark,2,Blue,5831,Knitwear,F,Menswear,3,Menswear,23,Men Suits & Tailoring,1003,Knitwear,"Fine-knit polo shirt in a silk and cotton blend with a button placket and ribbing at the collar, cuffs and hem.",shirt,shirt/0443860021.jpg
265,443860023,443860,S/S Polo Highline,257,Polo shirt,Garment Upper body,1010016,Solid,52,Pink,2,Medium Dusty,4,Pink,5831,Knitwear,F,Menswear,3,Menswear,23,Men Suits & Tailoring,1003,Knitwear,"Fine-knit polo shirt in a silk and cotton blend with a button placket and ribbing at the collar, cuffs and hem.",shirt,shirt/0443860023.jpg
266,443860025,443860,Polo S/S Highline TVP,257,Polo shirt,Garment Upper body,1010016,Solid,9,Black,4,Dark,5,Black,5831,Knitwear,F,Menswear,3,Menswear,23,Men Suits & Tailoring,1003,Knitwear,"Fine-knit polo shirt in a silk and cotton blend with a button placket and ribbing at the collar, cuffs and hem.",shirt,shirt/0443860025.jpg
267,443860026,443860,S/S Polo Highline,257,Polo shirt,Garment Upper body,1010016,Solid,42,Red,5,Bright,18,Red,5831,Knitwear,F,Menswear,3,Menswear,23,Men Suits & Tailoring,1003,Knitwear,"Fine-knit polo shirt in a silk and cotton blend with a button placket and ribbing at the collar, cuffs and hem.",shirt,shirt/0443860026.jpg
268,443860027,443860,S/S Polo Highline,257,Polo shirt,Garment Upper body,1010016,Solid,82,Turquoise,5,Bright,7,Turquoise,5831,Knitwear,F,Menswear,3,Menswear,23,Men Suits & Tailoring,1003,Knitwear,"Fine-knit polo shirt in a silk and cotton blend with a button placket and ribbing at the collar, cuffs and hem.",shirt,shirt/0443860027.jpg
269,443860030,443860,Polo S/S Highline TVP,257,Polo shirt,Garment Upper body,1010010,Melange,12,Light Beige,1,Dusty Light,11,Beige,5831,Knitwear,F,Menswear,3,Menswear,23,Men Suits & Tailoring,1003,Knitwear,"Fine-knit polo shirt in a silk and cotton blend with a button placket and ribbing at the collar, cuffs and hem.",shirt,shirt/0443860030.jpg
270,443860031,443860,Polo S/S Highline,257,Polo shirt,Garment Upper body,1010010,Melange,73,Dark Blue,4,Dark,2,Blue,5831,Knitwear,F,Menswear,3,Menswear,23,Men Suits & Tailoring,1003,Knitwear,"Fine-knit polo shirt in a silk and cotton blend with a button placket and ribbing at the collar, cuffs and hem.",shirt,shirt/0443860031.jpg
271,443860033,443860,Polo S/S Highline,257,Polo shirt,Garment Upper body,1010016,Solid,22,Yellow,2,Medium Dusty,8,Yellow,5831,Knitwear,F,Menswear,3,Menswear,23,Men Suits & Tailoring,1003,Knitwear,"Fine-knit polo shirt in a silk and cotton blend with a button placket and ribbing at the collar, cuffs and hem.",shirt,shirt/0443860033.jpg
272,443860037,443860,Polo S/S Highline,257,Polo shirt,Garment Upper body,1010017,Stripe,31,Light Orange,1,Dusty Light,3,Orange,5831,Knitwear,F,Menswear,3,Menswear,23,Men Suits & Tailoring,1003,Knitwear,"Fine-knit polo shirt in a silk and cotton blend with a button placket and ribbing at the collar, cuffs and hem.",shirt,shirt/0443860037.jpg
273,443860040,443860,Polo S/S Highline TVP,257,Polo shirt,Garment Upper body,1010016,Solid,9,Black,4,Dark,5,Black,5831,Knitwear,F,Menswear,3,Menswear,23,Men Suits & Tailoring,1003,Knitwear,"Fine-knit polo shirt in a silk and cotton blend with a button placket and ribbing at the collar, cuffs and hem.",shirt,shirt/0443860040.jpg
274,443860043,443860,Polo S/S Highline,257,Polo shirt,Garment Upper body,1010016,Solid,42,Red,7,Medium,18,Red,5831,Knitwear,F,Menswear,3,Menswear,23,Men Suits & Tailoring,1003,Knitwear,"Fine-knit polo shirt in a silk and cotton blend with a button placket and ribbing at the collar, cuffs and hem.",shirt,shirt/0443860043.jpg
275,443860044,443860,Polo S/S Highline TVP,257,Polo shirt,Garment Upper body,1010016,Solid,71,Light Blue,3,Light,2,Blue,5831,Knitwear,F,Menswear,3,Menswear,23,Men Suits & Tailoring,1003,Knitwear,"Fine-knit polo shirt in a silk and cotton blend with a button placket and ribbing at the collar, cuffs and hem.",shirt,shirt/0443860044.jpg
276,443860054,443860,Polo S/S Highline TVP,257,Polo shirt,Garment Upper body,1010016,Solid,73,Dark Blue,2,Medium Dusty,2,Blue,5831,Knitwear,F,Menswear,3,Menswear,23,Men Suits & Tailoring,1003,Knitwear,"Fine-knit polo shirt in a silk and cotton blend with a button placket and ribbing at the collar, cuffs and hem.",shirt,shirt/0443860054.jpg
277,445419001,445419,Leon tee,255,T-shirt,Garment Upper body,1010016,Solid,9,Black,4,Dark,5,Black,1641,Jersey,A,Ladieswear,1,Ladieswear,18,Womens Trend,1005,Jersey Fancy,"Top in soft, airy modal jersey with a low-cut back and short sleeves.",shirt,shirt/0445419001.jpg
278,445419003,445419,Leon tee,255,T-shirt,Garment Upper body,1010010,Melange,6,Light Grey,1,Dusty Light,12,Grey,1641,Jersey,A,Ladieswear,1,Ladieswear,18,Womens Trend,1005,Jersey Fancy,"Top in soft, airy modal jersey with a low-cut back and short sleeves.",shirt,shirt/0445419003.jpg
279,445419005,445419,Leon tee,255,T-shirt,Garment Upper body,1010016,Solid,10,White,3,Light,9,White,1641,Jersey,A,Ladieswear,1,Ladieswear,18,Womens Trend,1005,Jersey Fancy,"Top in soft, airy modal jersey with a low-cut back and short sleeves.",shirt,shirt/0445419005.jpg
280,445419008,445419,Leon tee,255,T-shirt,Garment Upper body,1010016,Solid,33,Dark Orange,5,Bright,3,Orange,1641,Jersey,A,Ladieswear,1,Ladieswear,18,Womens Trend,1005,Jersey Fancy,"Top in soft, airy modal jersey with a low-cut back and short sleeves.",shirt,shirt/0445419008.jpg
281,445419009,445419,Leon tee,255,T-shirt,Garment Upper body,1010016,Solid,19,Greenish Khaki,2,Medium Dusty,20,Khaki green,1641,Jersey,A,Ladieswear,1,Ladieswear,18,Womens Trend,1005,Jersey Fancy,"Top in soft, airy modal jersey with a low-cut back and short sleeves.",shirt,shirt/0445419009.jpg
282,445419010,445419,Leon tee,255,T-shirt,Garment Upper body,1010016,Solid,10,White,3,Light,9,White,1641,Jersey,A,Ladieswear,1,Ladieswear,18,Womens Trend,1005,Jersey Fancy,"Top in soft, airy modal jersey with a low-cut back and short sleeves.",shirt,shirt/0445419010.jpg
283,445419011,445419,Leon tee,255,T-shirt,Garment Upper body,1010016,Solid,17,Yellowish Brown,4,Dark,13,Brown,1641,Jersey,A,Ladieswear,1,Ladieswear,18,Womens Trend,1005,Jersey Fancy,"Top in soft, airy modal jersey with a low-cut back and short sleeves.",shirt,shirt/0445419011.jpg
284,445419015,445419,Leon tee,255,T-shirt,Garment Upper body,1010016,Solid,22,Yellow,2,Medium Dusty,8,Yellow,1641,Jersey,A,Ladieswear,1,Ladieswear,18,Womens Trend,1005,Jersey Fancy,"Top in soft, airy modal jersey with a low-cut back and short sleeves.",shirt,shirt/0445419015.jpg
285,446147008,446147,Wallace 2in1 Tee XS-L,255,T-shirt,Garment Upper body,1010010,Melange,62,Purple,1,Dusty Light,6,Lilac Purple,1644,Projects Jersey & Knitwear,D,Divided,2,Divided,50,Divided Projects,1005,Jersey Fancy,Short-sleeved top in soft slub jersey with a lace frill trim.,shirt,shirt/0446147008.jpg
286,448262029,448262,Roll up tee,255,T-shirt,Garment Upper body,1010001,All over pattern,73,Dark Blue,4,Dark,2,Blue,5882,Jersey Fancy,F,Menswear,3,Menswear,55,Contemporary Street,1005,Jersey Fancy,T-shirt in printed cotton jersey with a chest pocket and sewn-in turn-ups on the sleeves.,shirt,shirt/0448262029.jpg
287,448262037,448262,Roll up tee (1),255,T-shirt,Garment Upper body,1010014,Placement print,7,Grey,2,Medium Dusty,12,Grey,5882,Jersey Fancy,F,Menswear,3,Menswear,55,Contemporary Street,1005,Jersey Fancy,T-shirt in printed cotton jersey with a chest pocket and sewn-in turn-ups on the sleeves.,shirt,shirt/0448262037.jpg
288,448262038,448262,Roll up tee (1),255,T-shirt,Garment Upper body,1010014,Placement print,9,Black,4,Dark,5,Black,5882,Jersey Fancy,F,Menswear,3,Menswear,55,Contemporary Street,1005,Jersey Fancy,T-shirt in printed cotton jersey with a chest pocket and sewn-in turn-ups on the sleeves.,shirt,shirt/0448262038.jpg
289,448262039,448262,Roll up tee (1),255,T-shirt,Garment Upper body,1010014,Placement print,73,Dark Blue,4,Dark,2,Blue,5882,Jersey Fancy,F,Menswear,3,Menswear,55,Contemporary Street,1005,Jersey Fancy,T-shirt in printed cotton jersey with a chest pocket and sewn-in turn-ups on the sleeves.,shirt,shirt/0448262039.jpg
290,448262040,448262,Roll up tee (1),255,T-shirt,Garment Upper body,1010001,All over pattern,9,Black,4,Dark,5,Black,5882,Jersey Fancy,F,Menswear,3,Menswear,55,Contemporary Street,1005,Jersey Fancy,T-shirt in printed cotton jersey with a chest pocket and sewn-in turn-ups on the sleeves.,shirt,shirt/0448262040.jpg
291,448262041,448262,Roll up tee (1),255,T-shirt,Garment Upper body,1010001,All over pattern,9,Black,4,Dark,5,Black,5882,Jersey Fancy,F,Menswear,3,Menswear,55,Contemporary Street,1005,Jersey Fancy,T-shirt in printed cotton jersey with a chest pocket and sewn-in turn-ups on the sleeves.,shirt,shirt/0448262041.jpg
292,448262042,448262,Roll up tee (1),255,T-shirt,Garment Upper body,1010014,Placement print,73,Dark Blue,4,Dark,2,Blue,5882,Jersey Fancy,F,Menswear,3,Menswear,55,Contemporary Street,1005,Jersey Fancy,T-shirt in printed cotton jersey with a chest pocket and sewn-in turn-ups on the sleeves.,shirt,shirt/0448262042.jpg
293,448262044,448262,Roll up tee (1),255,T-shirt,Garment Upper body,1010001,All over pattern,9,Black,4,Dark,5,Black,5882,Jersey Fancy,F,Menswear,3,Menswear,55,Contemporary Street,1005,Jersey Fancy,T-shirt in printed cotton jersey with a chest pocket and sewn-in turn-ups on the sleeves.,shirt,shirt/0448262044.jpg
294,448262045,448262,Roll up tee (1),255,T-shirt,Garment Upper body,1010014,Placement print,51,Light Pink,3,Light,4,Pink,5882,Jersey Fancy,F,Menswear,3,Menswear,55,Contemporary Street,1005,Jersey Fancy,T-shirt in printed cotton jersey with a chest pocket and sewn-in turn-ups on the sleeves.,shirt,shirt/0448262045.jpg
295,448262046,448262,Roll up tee (1),255,T-shirt,Garment Upper body,1010001,All over pattern,51,Light Pink,3,Light,4,Pink,5882,Jersey Fancy,F,Menswear,3,Menswear,55,Contemporary Street,1005,Jersey Fancy,T-shirt in printed cotton jersey with a chest pocket and sewn-in turn-ups on the sleeves.,shirt,shirt/0448262046.jpg
296,449123002,449123,Correy tee,255,T-shirt,Garment Upper body,1010010,Melange,7,Grey,2,Medium Dusty,12,Grey,8559,Men Sport Woven,S,Sport,26,Sport,22,Men H&M Sport,1005,Jersey Fancy,"Short-sleeved sports top in fast-drying, breathable functional fabric. Tight fit. The top is made from recycled polyester.",shirt,shirt/0449123002.jpg
297,449123026,449123,Correy tee,255,T-shirt,Garment Upper body,1010016,Solid,9,Black,4,Dark,5,Black,8559,Men Sport Woven,S,Sport,26,Sport,22,Men H&M Sport,1005,Jersey Fancy,"Short-sleeved sports top in fast-drying, breathable functional fabric. Tight fit. The top is made from recycled polyester.",shirt,shirt/0449123026.jpg
298,449123028,449123,Correy tee,255,T-shirt,Garment Upper body,1010016,Solid,10,White,3,Light,9,White,8559,Men Sport Woven,S,Sport,26,Sport,22,Men H&M Sport,1005,Jersey Fancy,"Short-sleeved sports top in fast-drying, breathable functional fabric. Tight fit. The top is made from recycled polyester.",shirt,shirt/0449123028.jpg
299,449123036,449123,Correy tee,255,T-shirt,Garment Upper body,1010010,Melange,73,Dark Blue,4,Dark,2,Blue,8559,Men Sport Woven,S,Sport,26,Sport,22,Men H&M Sport,1005,Jersey Fancy,"Short-sleeved sports top in fast-drying, breathable functional fabric. Tight fit. The top is made from recycled polyester.",shirt,shirt/0449123036.jpg
